Issue ID,Issue Type,Summary,Description,Parent,Priority,Status,Labels
1001,Epic,SELLO-E01 — Contracts and engineering foundation,"Local ID: SELLO-E01
Increment: MVP
Goal: Make decisions explicit and build/test the app reproducibly before financial work.
Exit: Approved MVP conventions, enforced module graph, usable CI and injected clocks/composition; existing app remains launchable.",,Highest,Backlog,sello-e01
1,Task,SELLO-001 — Approve the MVP contract and financial examples,"Local ID: SELLO-001
Epic: SELLO-E01
Increment: MVP
Repository source: docs/planning/mvp/epics/E01-foundation.md
Resource links resolve relative to that repository file.
Shared tools: docs/planning/mvp/EXECUTION_GUIDE.md

- **Type:** Task
- **Priority:** P0
- **Status:** In Progress
- **Depends on:** None
- **Gate:** G0

### Outcome
Remove ambiguity before implementing figures or recovery. Ratify the architecture's
MVP, two-tab exception and developer tools; do not expand scope to recurrence/goals.

### Deliverables
An approved scope/decision record and versioned worked examples for day inclusion,
variable pace, rounding, projection, 95/100% verdict boundaries, no-budget behavior,
historical limits and income allocation. Record privacy/plaintext backup policy,
supported API range and app/debug/catalog identities. Verify the existing local
Sello snapshot/provenance; do not fetch another worktree as a build prerequisite.

### Acceptance criteria
- Product owner explicitly approves the open decisions; unresolved policy cannot
  be replaced by a developer guess. Examples include day 1, last day, February,
  zero spending, unlimited categories, over-budget and insufficient-history states.
- Category rename/archive and current versus prior-month budget edits have defined
  outcomes. Forecast labels never imply saved actuals; savings is not account balance.
- Design snapshot has no build-time external-path dependency or unrelated legacy files.

### Tests
Review example arithmetic independently, validate Markdown links and the board,
and verify baseline G0 still passes. Documentation-only changes need no invented red test.

### Working checkpoint
Approved decisions are usable inputs to domain/UI tickets; generated app still
builds/launches. Missing approvals keep this ticket out of Done.

### Context and starting points
The design contains sample amounts and legacy migration hints, not approved new
financial policies. Without this task, separate actors will choose different pace,
budget history and reset semantics. Read [decision inputs](../DECISION_INPUTS.md),
[baseline](../BASELINE.md), architecture §§1/4/7/9 and the
[local design](../../../design/sello-spec.html#build). No predecessor implementation exists.

### Implementation plan
1. Create `docs/decisions/0001-mvp-contract.md` using D01–D10 as individual decisions;
   record owner, chosen answer, rationale, alternatives, approval/date and unresolved items.
2. Resolve each budget/forecast/order/field/reset question explicitly. Define formulas,
   included dates, rounding and labels; distinguish fixed rules from reviewed proposals.
3. Create `docs/testing/mvp-financial-examples.md` with M/B/V/H/I/G examples, at least
   three approved forecast calculations, February/leap-year and first/last-day cases.
4. Review examples independently with the product owner. If answers are unavailable,
   deliver the proposal and blocker; never invent “approved” finance/privacy semantics.
5. Verify design provenance; update architecture only for accepted guardrail changes.
   Leave implementation, toolchain changes and downstream ticket statuses untouched.

### Concrete cases and pitfalls
- Spending 50,000 across limited/unlimited categories must reconcile to B01, not
  discard unlimited expenses. Past limits cannot be read from today's category defaults.
- Decide whether forecast comparison uses exact or rounded projection at 95%/100%;
  the allowance's inclusive today is not automatically the forecast's day convention.
- UI keypad limits and Long import/display range need separate explicit answers.
  A theme preference reset does not imply permission/device state can be restored.

### Verification recipe
Run `python3 docs/planning/mvp/board.py --check` and G0 from
[gate profiles](../README.md#gate-profiles); check decision/example links and snapshot
hash. Evidence must include approver/date and independently checked inputs/outputs.
No behavior red test or device run is required for this documentation-only task.

### Execution progress
2026-10-08: drafted [D01–D10 proposals](../../../decisions/0001-mvp-contract.md)
and [versioned worked examples](../../../testing/mvp-financial-examples.md).
2026-10-08: project owner approved D01 scope and D03 forecast/day-inclusion/verdict
rules, with daily allowance rounded down to COP 50 multiples. Recorded per-decision
approval and updated example/architecture contracts; no other choices were approved.
Next: owner reviews D04–D07, followed by D08/D09/D02/D10. Independent full-corpus
review remains outstanding. Ticket stays In Progress; downstream prerequisites
are not satisfied by this partial approval.
2026-10-08 continuation: refined the still-unapproved D04 skipped-month proposal to
resolve known historical defaults from effective-month evidence, independent of app
opening, and explicitly exclude leftover/overspend rollover. Updated H03–H05;
request owner approval of zero/unlimited, monthly carry-forward and historical edits.
2026-10-08 follow-up: owner approved zero/unlimited distinction, prior-month stability
and historical corrections with discoverable user information. D04 is partially
approved; carryover is explicitly still under discussion. Added option comparison
and H06 guidance case; SELLO-019/020/021 must deliver applicable correction messaging.
2026-10-08 direction: owner confirmed eventual signed surplus/deficit carryover,
possibly optional and outside MVP. Added ADR 0002 and retention/ownership guardrails;
no carryover code/schema or new tickets. MVP activation/default and detailed policy
still need approval; next clarify deferral before moving to the remaining D04/D05 inputs.
2026-10-08 plan approval: owner approved MVP budget renewal without carryover and
post-MVP deferral. Added SELLO-E09/037–043 with release/policy/quality dependencies
and separate generated roadmap views; MVP remains eight epics/36 tickets. Detailed
carryover decisions are owned by SELLO-037, not blockers for SELLO-001.
2026-10-08 skipped-month approval: owner agreed that unopened months resolve budget
configuration effective then, not today's default. Recorded D04 approval, aligned
H03/H04 and added real-Room history/materialization acceptance to SELLO-013.
Next: D05 field/input/source rules, then D06/D07 (including archive budget interactions).
2026-10-08 D05 approval: owner approved all presented name/note/uniqueness, amount
input/range-preservation and income-source rules. Recorded approval, added T01–T06
policy examples and aligned SELLO-010 validation acceptance. Next: D06 ordering,
then D07 archive/undo and the remaining privacy/support/release decisions.
2026-10-08 D06 approval: owner approved all presented metric/direction/tie and
unlimited-last ordering rules. Recorded approval, added O01–O08 fixture expectations
and aligned SELLO-023. Archive visibility/budget interactions remain proposed D07;
prepared explicit current/future-month archive consequences for the next discussion.
2026-10-08 D07 approval: owner approved archive/restore/history labels, explained
current/future-month budget effects and six-second real-time undo with process-death
offer expiry/outcome recovery. Closes D04/D06 archive decisions; added AR01–AR06/
U01–U05 and aligned SELLO-013/019/020/021. Next: D08 privacy/portable backup policy.
2026-10-08 D08 approval: owner approved all presented manual plaintext/privacy/
contents/retention choices and requested committing accumulated work. Recorded D08,
added P01–P04 and aligned SELLO-029/032; implementation is still outstanding.
Next: D09 restore/reset, then D02 identities/support and D10 release/review ownership.
2026-10-08 D09 approval: owner approved all three replacement, settings-only recovery
and counted/BORRAR reset recommendations. Recorded approval and R01–R06 expectations;
aligned SELLO-030/031 acceptance. Implementation and independent review remain pending.
Next: D02 identities/support, then D10 release/review ownership.
2026-10-08 D02 approval: owner approved isolated customer/debug/catalog identities
and SDK 30 floor subject to SELLO-002 verification, selecting private APK distribution
only. Added Iden01/Iden02 and aligned toolchain/release guidance; no signing custody,
device owner, D10 process or independent review is implied. Next: D10.
2026-10-08 D10 approval: owner approved release matrix, measured performance target
process and independent review/ownership requirements. D01–D10 policy choices are
now approved. Named technical/device/signing owners were not supplied; full-corpus
independent review remains outstanding, so SELLO-001 stays In Progress. Aligned
the performance owner reference to SELLO-035, whose ticket owns measurements/targets.
D10 verification: base `2c8e9ef` plus accumulated uncommitted D09/D02/D10 decision,
architecture/input/example, epic/shared release guidance and generated CSV changes.
32 board tests, generated MVP/roadmap consistency checks and `git diff --check`
passed; G0 passed (97 tasks: 2 executed, 95 up-to-date; cached sample JVM test and
17 existing lint warnings), log `/tmp/sello-d10-g0.log`. Documentation-only approval
does not require invented red testing or device execution. No independent review,
toolchain support verification or production-signing/device evidence is claimed.
D02 verification: base `2c8e9ef` plus accumulated uncommitted D09/D02 architecture,
decision/input/example, foundation/recovery/release, board README and generated CSV
changes. 32 board tests, both generated-board consistency checks and diff whitespace
checks passed. G0 passed (97 tasks: 2 executed, 95 up-to-date; cached sample JVM
test and 17 existing lint warnings); log `/tmp/sello-d02-g0.log`. No behavioral code
changed, so red testing/device execution is inapplicable to this approval update.
SDK compatibility, side-by-side installation and production signing remain unverified.
D09 verification: base `2c8e9ef` plus uncommitted architecture, decision/input,
foundation/recovery acceptance, example corpus and regenerated MVP CSV changes.
32 board tests, both generated-board consistency checks and `git diff --check`
passed. G0 passed (97 tasks: 4 executed, 93 up-to-date; one cached sample JVM test,
17 existing lint warnings); log `/tmp/sello-d09-g0.log`. Documentation-only approval
needs no behavioral red test or device run. Owner policy approval is not independent
technical review; SELLO-001 remains In Progress. No financial implementation shipped.
Executor checks: 32 board unit tests passed, including meaningful red→green scope
checks (five intended assertion failures before enforcement). Both board/export
sets passed consistency checks; 325 local
documentation file/anchor links, design snapshot SHA-256 and exact arithmetic checks
passed, including 15 COP 50 allowance cases and pre-rounding verdict precision.
G0 (`./gradlew testDebugUnitTest lintDebug assembleDebug assembleRelease --continue`)
passed with cached JVM test/lint results (one sample JVM test, 17 existing lint
warnings). Latest continuation tested base: `491eb26` plus uncommitted revised
D04 decision/example documents and carryover-direction ADR, architecture/root README/
decision-input/workflow changes, foundation/financial-core/correction-messaging/
recovery-privacy edits,
new post-MVP epic, board generator/tests and generated MVP/roadmap export views.
Carryover/archive arithmetic, field/money-range/deadline boundaries and O01–O08 ordering
illustrations were executor-checked, not executed feature tests or independent review. No device run
required for this documentation task;
D01–D10 product approvals and future signed-carryover direction are recorded
above; no independent review is claimed.

Shared definition of done and gates:

1. Deliverables are checked in and satisfy every acceptance criterion. Changes
   respect architecture/source-set boundaries and do not activate deferred features.
2. Behavior changes have a meaningful failing test followed by passing evidence;
   pure build/docs tasks instead show negative/configuration/link checks as applicable.
3. Ticket-specific tests and its gate pass on the integrated branch. Record exact
   command/environment, revision, result counts, report paths, and device/API where
   relevant. A skipped gate is an outstanding requirement, not a pass.
   For SELLO-004 onward, use the mandatory runner delivered by 004 and record
   validated `Quality run` evidence before Review/Done; see QUALITY_FLOW.md.
4. Existing completed journeys still work. No successful stubs, inaccessible
   placeholders, destructive migrations, compile failures, or failed read → zero.
5. Applicable catalog examples and sandbox scenarios grow with the change.
   Accessibility, process restoration, financial bounds and error handling are
   checked where the ticket touches them; the final epic does not postpone quality.
6. Reviewer checks code, financial/recovery semantics, release isolation and
   evidence. Update the canonical ticket status/evidence, then regenerate the board.

Add a `### Delivery evidence` section to completed tickets with requirement mapping,
red/green commands, integration/device results, review and unresolved issues.
Do not rewrite acceptance after execution just to make a ticket pass.

Use these required evidence fields (no placeholder values): `Revision`,
`Requirement mapping`, `Red / Green`, `Gate results`, `Device / Artifact`, and
`Review`, each written as `- **Field:** evidence`. State why a red test/device gate
is inapplicable for a pure documentation task; do not waive a required G2/G3 test.
SELLO-004 and later additionally require `Quality run` before Review as well as
Done; bootstrap tickets 001–003 are exempt from that field.

## Gate profiles

Use the agreed JDK/SDK environment from SELLO-002; the inspected local baseline is:

```bash
export ANDROID_HOME=/home/okabe94/Android/Sdk
export JAVA_HOME=/opt/android-studio/jbr
export PATH=""$JAVA_HOME/bin:$PATH""
```

- **G0 — scaffold:** `./gradlew testDebugUnitTest lintDebug assembleDebug assembleRelease --continue`.
  Used until module bootstrap lands; unsigned release assembly is not publishing.
- **G1 — integrated host:** after SELLO-003, run the commands below plus the
  architecture/format/static checks introduced by SELLO-004. CI must keep one
  documented aggregate gate synchronized with actual Gradle task names.

```bash
./gradlew :domain:test :data:testDebugUnitTest :design-system:testDebugUnitTest \
  :app:testDebugUnitTest :catalog:testDebugUnitTest lintDebug \
  :app:assembleDebug :app:assembleRelease :catalog:assembleDebug --continue
```

- **G2 — affected device boundaries:** G1 plus appropriate real-Room/Compose tests
  on a pinned emulator/device. Use `:data:connectedDebugAndroidTest`,
  `:design-system:connectedDebugAndroidTest`, `:app:connectedDebugAndroidTest`,
  and `:catalog:connectedDebugAndroidTest` as applicable. Assemble test APKs if no
  device is available, but do **not** mark device acceptance complete.
- **G3 — release:** G2 across agreed API/window/font configurations, optimized
  production composition/artifact inspection, performance evidence, and signed
  release installation/backup smoke. MVP delivers a private APK, not a store/AAB upload.
  Separate ephemeral CI signing from the customer-distribution signing identity.

Focused tests run first; the gate is the final integrated checkpoint. Documentation
names expected new test behavior, not pretend pre-existing test classes.

",1001,Highest,In Progress,sello-001
2,Task,SELLO-002 — Establish and verify the supported Android toolchain,"Local ID: SELLO-002
Epic: SELLO-E01
Increment: MVP
Repository source: docs/planning/mvp/epics/E01-foundation.md
Resource links resolve relative to that repository file.
Shared tools: docs/planning/mvp/EXECUTION_GUIDE.md

- **Type:** Task
- **Priority:** P0
- **Status:** Ready
- **Depends on:** None
- **Gate:** G0

### Outcome
Replace accidental template compatibility with a reproducible supported matrix,
without unnecessary upgrades or changing product behavior.

### Deliverables
Validated AGP/Gradle/Kotlin/Compose/KSP/JDK/SDK matrix, pinned catalog/wrapper and
setup instructions. Explain Gradle daemon toolchain versus Java bytecode target;
audit the existing JDK-25 daemon configuration and Java-11 target rather than assuming
JAVA_HOME alone controls the daemon. Establish debug versus production signing paths.

### Acceptance criteria
- A clean checkout builds using documented installed/downloaded prerequisites;
  wrapper checksum and AGP built-in Kotlin integration are valid.
- Dependency versions are pinned, source/build artifacts contain no credentials,
  and ignored machine-local configuration stays untracked.
- Approved D02: verify SDK 30 floor and customer/debug/catalog identities against
  the selected toolchain; record actual compatibility rather than inferring it from approval.
- Release compilation succeeds without distribution-signing secrets. Production signing remains
  an explicit later release gate; no keys/passwords enter source control.

### Tests
Run G0 on a clean build/cache-independent verification where practical; compile
the instrumented APK. Exercise missing-SDK/JDK/signing setup instructions and
record actual daemon/JDK versions plus dependency/lint warnings.

### Working checkpoint
App's current greeting works on an emulator/device; if no device exists, record
assembly separately and arrange smoke evidence before concluding launch acceptance.

### Context and starting points
The scaffold currently builds, but its mixed versions, JDK daemon criteria and SDK
targets have not been declared supported. Read [baseline](../BASELINE.md),
[tool commands](../EXECUTION_GUIDE.md#tools-and-host-verification), the catalog,
wrapper, `gradle.properties`, daemon criteria and `app/build.gradle.kts`.

### Implementation plan
1. Record actual `./gradlew --version`, installed SDK/platform/build tools and resolved
   catalog versions; distinguish launcher JVM, daemon JDK and Java/Kotlin bytecode targets.
2. Consult the guide's official AGP/Gradle/Kotlin sources and select the smallest
   compatible stable matrix; document why existing pins stay or change, including KSP.
3. Create `docs/decisions/0002-toolchain.md` and `docs/development/setup.md` with exact
   prerequisites/install locations, untracked SDK configuration and commands for a new actor.
4. Update only necessary pins/targets/wrapper checksum. Do not independently raise
   minSdk or change product identity before SELLO-001 approval.
5. Test without relying on cached outputs; document signing setup without credentials.
   Prepare/install the scaffold on the agreed emulator/device and record launcher smoke.

### Concrete cases and pitfalls
- `JAVA_HOME` pointing at Android Studio does not override daemon criteria by itself.
- A supported matrix must include the Compose plugin/BOM and selected KSP processor
  compatibility, not just successful dependency resolution with an old cache.
- A missing device is an unmet launch check. Unsigned release assembly is not a
  production-signed private APK; do not create a distribution key just to silence a build failure.

### Verification recipe
Run `./gradlew --version`, `./gradlew clean`, G0 and
`./gradlew :app:assembleDebugAndroidTest`; inspect dependency/lint reports. Follow
[device setup](../EXECUTION_GUIDE.md#device-and-process-restoration) for launch smoke.
Record the successful matrix, warnings and any missing prerequisites.

Shared definition of done and gates:

1. Deliverables are checked in and satisfy every acceptance criterion. Changes
   respect architecture/source-set boundaries and do not activate deferred features.
2. Behavior changes have a meaningful failing test followed by passing evidence;
   pure build/docs tasks instead show negative/configuration/link checks as applicable.
3. Ticket-specific tests and its gate pass on the integrated branch. Record exact
   command/environment, revision, result counts, report paths, and device/API where
   relevant. A skipped gate is an outstanding requirement, not a pass.
   For SELLO-004 onward, use the mandatory runner delivered by 004 and record
   validated `Quality run` evidence before Review/Done; see QUALITY_FLOW.md.
4. Existing completed journeys still work. No successful stubs, inaccessible
   placeholders, destructive migrations, compile failures, or failed read → zero.
5. Applicable catalog examples and sandbox scenarios grow with the change.
   Accessibility, process restoration, financial bounds and error handling are
   checked where the ticket touches them; the final epic does not postpone quality.
6. Reviewer checks code, financial/recovery semantics, release isolation and
   evidence. Update the canonical ticket status/evidence, then regenerate the board.

Add a `### Delivery evidence` section to completed tickets with requirement mapping,
red/green commands, integration/device results, review and unresolved issues.
Do not rewrite acceptance after execution just to make a ticket pass.

Use these required evidence fields (no placeholder values): `Revision`,
`Requirement mapping`, `Red / Green`, `Gate results`, `Device / Artifact`, and
`Review`, each written as `- **Field:** evidence`. State why a red test/device gate
is inapplicable for a pure documentation task; do not waive a required G2/G3 test.
SELLO-004 and later additionally require `Quality run` before Review as well as
Done; bootstrap tickets 001–003 are exempt from that field.

## Gate profiles

Use the agreed JDK/SDK environment from SELLO-002; the inspected local baseline is:

```bash
export ANDROID_HOME=/home/okabe94/Android/Sdk
export JAVA_HOME=/opt/android-studio/jbr
export PATH=""$JAVA_HOME/bin:$PATH""
```

- **G0 — scaffold:** `./gradlew testDebugUnitTest lintDebug assembleDebug assembleRelease --continue`.
  Used until module bootstrap lands; unsigned release assembly is not publishing.
- **G1 — integrated host:** after SELLO-003, run the commands below plus the
  architecture/format/static checks introduced by SELLO-004. CI must keep one
  documented aggregate gate synchronized with actual Gradle task names.

```bash
./gradlew :domain:test :data:testDebugUnitTest :design-system:testDebugUnitTest \
  :app:testDebugUnitTest :catalog:testDebugUnitTest lintDebug \
  :app:assembleDebug :app:assembleRelease :catalog:assembleDebug --continue
```

- **G2 — affected device boundaries:** G1 plus appropriate real-Room/Compose tests
  on a pinned emulator/device. Use `:data:connectedDebugAndroidTest`,
  `:design-system:connectedDebugAndroidTest`, `:app:connectedDebugAndroidTest`,
  and `:catalog:connectedDebugAndroidTest` as applicable. Assemble test APKs if no
  device is available, but do **not** mark device acceptance complete.
- **G3 — release:** G2 across agreed API/window/font configurations, optimized
  production composition/artifact inspection, performance evidence, and signed
  release installation/backup smoke. MVP delivers a private APK, not a store/AAB upload.
  Separate ephemeral CI signing from the customer-distribution signing identity.

Focused tests run first; the gate is the final integrated checkpoint. Documentation
names expected new test behavior, not pretend pre-existing test classes.

",1001,Highest,Ready,sello-002
3,Task,SELLO-003 — Bootstrap enforced modules and variant identities,"Local ID: SELLO-003
Epic: SELLO-E01
Increment: MVP
Repository source: docs/planning/mvp/epics/E01-foundation.md
Resource links resolve relative to that repository file.
Shared tools: docs/planning/mvp/EXECUTION_GUIDE.md

- **Type:** Task
- **Priority:** P0
- **Status:** Backlog
- **Depends on:** SELLO-001, SELLO-002
- **Gate:** G1

### Outcome
Create the architecture's compilation boundaries without introducing unfinished features.

### Deliverables
`:domain` Kotlin/JVM, `:data` and `:design-system` Android libraries, existing
`:app`, and developer `:catalog` application. Configure test source sets, Room schema
export location/KSP capability, catalog launcher, separate debug/catalog application
IDs and the allowed dependency graph. Move template theme ownership without duplication.

### Acceptance criteria
- App and minimal catalog independently install/launch; customer app never depends
  on catalog. Domain has no Android/UI/storage/DI dependency.
- Data import access is reserved for app composition; no reverse module edge or
  screen-to-screen implementation import is introduced.
- Existing instrumentation package assertions are variant-aware; sample tests do
  not produce a false failure after adding the debug ID suffix.

### Tests
Run G1 and compile affected test APKs. Inspect Gradle dependency graphs and package
IDs. Intentionally attempt a prohibited domain Android import/module edge to prove
the compilation boundary rejects it, then remove the negative fixture.

### Working checkpoint
Both launchers show honest minimal UI; no new product destination or fake save exists.

### Context and starting points
Today all code is in `:app`, so source packages do not enforce ownership. Inputs
are accepted identity/toolchain records from SELLO-001/002 and the
[target map](../EXECUTION_GUIDE.md#module-and-file-map). Read architecture §2 and
official build-variant guidance in the source library before altering Gradle.

### Implementation plan
1. Add the four target siblings to `settings.gradle.kts`; configure JVM domain and
   Android library/application plugins using the accepted matrix/catalog, not copy-pasted versions.
2. Create build/test/resource/manifest skeletons for each module; set namespaces,
   SDK/bytecode/test-runner settings and allowed dependency edges explicitly.
3. Give app debug and catalog independent accepted IDs; move reusable theme ownership
   to design-system and keep MainActivity functional. Catalog gets its own real launcher.
4. Add approved Room/KSP/schema export configuration to data, but no speculative
   database tables. Compile test source sets and correct variant-specific package assertions.
5. Document module task/dependency inventory in setup instructions; verify no app→catalog,
   design-system→domain or reverse data edge. Do not add feature navigation yet.

### Concrete cases and pitfalls
- Installing debug app and catalog must not replace production or one another.
- Domain's Android imports must fail; app's unavoidable data Gradle edge is composition-only
  in source, which SELLO-004 enforces separately. Gradle alone cannot enforce that package rule.
- Empty modules still need usable documented test/build tasks; no-matching-tests
  cannot be described as executed business tests.

### Verification recipe
Run `./gradlew projects`, module `dependencies` reports and G1. Compile app/catalog
test APKs and install both launchers. Demonstrate a temporary forbidden domain import
fails compilation, remove it, rerun green, and attach the dependency/package-ID evidence.

Shared definition of done and gates:

1. Deliverables are checked in and satisfy every acceptance criterion. Changes
   respect architecture/source-set boundaries and do not activate deferred features.
2. Behavior changes have a meaningful failing test followed by passing evidence;
   pure build/docs tasks instead show negative/configuration/link checks as applicable.
3. Ticket-specific tests and its gate pass on the integrated branch. Record exact
   command/environment, revision, result counts, report paths, and device/API where
   relevant. A skipped gate is an outstanding requirement, not a pass.
   For SELLO-004 onward, use the mandatory runner delivered by 004 and record
   validated `Quality run` evidence before Review/Done; see QUALITY_FLOW.md.
4. Existing completed journeys still work. No successful stubs, inaccessible
   placeholders, destructive migrations, compile failures, or failed read → zero.
5. Applicable catalog examples and sandbox scenarios grow with the change.
   Accessibility, process restoration, financial bounds and error handling are
   checked where the ticket touches them; the final epic does not postpone quality.
6. Reviewer checks code, financial/recovery semantics, release isolation and
   evidence. Update the canonical ticket status/evidence, then regenerate the board.

Add a `### Delivery evidence` section to completed tickets with requirement mapping,
red/green commands, integration/device results, review and unresolved issues.
Do not rewrite acceptance after execution just to make a ticket pass.

Use these required evidence fields (no placeholder values): `Revision`,
`Requirement mapping`, `Red / Green`, `Gate results`, `Device / Artifact`, and
`Review`, each written as `- **Field:** evidence`. State why a red test/device gate
is inapplicable for a pure documentation task; do not waive a required G2/G3 test.
SELLO-004 and later additionally require `Quality run` before Review as well as
Done; bootstrap tickets 001–003 are exempt from that field.

## Gate profiles

Use the agreed JDK/SDK environment from SELLO-002; the inspected local baseline is:

```bash
export ANDROID_HOME=/home/okabe94/Android/Sdk
export JAVA_HOME=/opt/android-studio/jbr
export PATH=""$JAVA_HOME/bin:$PATH""
```

- **G0 — scaffold:** `./gradlew testDebugUnitTest lintDebug assembleDebug assembleRelease --continue`.
  Used until module bootstrap lands; unsigned release assembly is not publishing.
- **G1 — integrated host:** after SELLO-003, run the commands below plus the
  architecture/format/static checks introduced by SELLO-004. CI must keep one
  documented aggregate gate synchronized with actual Gradle task names.

```bash
./gradlew :domain:test :data:testDebugUnitTest :design-system:testDebugUnitTest \
  :app:testDebugUnitTest :catalog:testDebugUnitTest lintDebug \
  :app:assembleDebug :app:assembleRelease :catalog:assembleDebug --continue
```

- **G2 — affected device boundaries:** G1 plus appropriate real-Room/Compose tests
  on a pinned emulator/device. Use `:data:connectedDebugAndroidTest`,
  `:design-system:connectedDebugAndroidTest`, `:app:connectedDebugAndroidTest`,
  and `:catalog:connectedDebugAndroidTest` as applicable. Assemble test APKs if no
  device is available, but do **not** mark device acceptance complete.
- **G3 — release:** G2 across agreed API/window/font configurations, optimized
  production composition/artifact inspection, performance evidence, and signed
  release installation/backup smoke. MVP delivers a private APK, not a store/AAB upload.
  Separate ephemeral CI signing from the customer-distribution signing identity.

Focused tests run first; the gate is the final integrated checkpoint. Documentation
names expected new test behavior, not pretend pre-existing test classes.

",1001,Highest,Backlog,sello-003
4,Task,"SELLO-004 — Install CI, quality gates and architecture enforcement","Local ID: SELLO-004
Epic: SELLO-E01
Increment: MVP
Repository source: docs/planning/mvp/epics/E01-foundation.md
Resource links resolve relative to that repository file.
Shared tools: docs/planning/mvp/EXECUTION_GUIDE.md

- **Type:** Task
- **Priority:** P0
- **Status:** Backlog
- **Depends on:** SELLO-003
- **Gate:** G1

### Outcome
Prevent boundary/build/test regressions from becoming normal before feature growth.
Make quality verification a required completion workflow for every subsequent task,
not a collection of optional tests. This ticket owns the enforcement tools.

### Deliverables
Host/device CI definitions, documented aggregate gate, formatting/static analysis,
composition-only import rules, dependency review and retained test/lint artifacts.
Validate the board with `board.py --check`. Keep configuration compatible with the
actual Git host; do not claim a hosted run without a remote/runner.
Deliver `scripts/verify-ticket` (target path), a versioned structured quality-report
schema, shared completion-evidence validator and tested executor/CI integration
implementing [QUALITY_FLOW.md](../QUALITY_FLOW.md). Extend the existing Python
board validator to verify reports, not merely the presence of an evidence field.
Document invocation, prerequisites, report retention, snapshot coverage and recovery
from failures in the execution guide. Require the host quality check/protected merge
policy with actual host/admin evidence; local hooks alone are not enforcement.

### Acceptance criteria
- Rules reject a feature importing data, domain importing Android, cross-feature
  internals, customer modules depending on catalog and debug tools in release.
- CI compiles customer release and catalog debug; tests fail the job instead of
  being swallowed. No blanket lint baseline hides new errors.
- Secrets are external; external contributions cannot access upload credentials.
- The runner derives the canonical ticket's gate without downgrade; failures,
  missing checks/devices/keys and skipped requirements return nonzero, never success.
- Review/Done transitions require a successful matching report with current input
  fingerprint. Wrong-ticket/profile, malformed, stale or unavailable evidence fails.
  Historical Done evidence remains verifiable without rerunning every predecessor.
- CI runs the same entrypoint against the merge candidate; required-check/merge
  protection is verified with the chosen host. Missing remote/admin access blocks
  hosted acceptance, not permission to mark configured YAML as executed CI.

### Tests
Demonstrate failing boundary fixtures and a failing test are caught, followed by
clean G1. Execute local gate and hosted CI when infrastructure is available; retain
reports and explicitly distinguish configured CI from executed CI.
Add runner/validator tests for absent reports, wrong IDs, insufficient gate,
nonzero checks, missing device, malformed schema and edited acceptance/code inputs.
Prove status/evidence-only edits do not stale a report, older completed tickets
remain valid, and checks can run before their own completion evidence exists.
Exercise a sample downstream ticket through run → evidence → Review; remove test
fixtures afterward without changing real ticket statuses. Verify host protection
with an authorized failing-check example; record actual results, never fabricate it.

### Working checkpoint
Document one reproducible gate used by every later ticket; app/catalog remain buildable.
An independent executor can follow the shared quality flow, and incomplete evidence
cannot pass the completion validator. Passing checks still require designated review.

### Context and starting points
Module files from SELLO-003 are the inputs; policy violations must fail before they
spread into features. Read architecture §§2/10, current Python board tests and
[verification guidance](../EXECUTION_GUIDE.md#tools-and-host-verification). No Git remote
or hosted CI is assumed available.

### Implementation plan
1. Inventory actual host/device/assembly tasks; add a documented aggregate Gradle or
   script entry point running the agreed G1 checks with retained machine-readable reports.
2. Configure formatting/Detekt/lint and architecture checks for production/debug source
   sets and module edges. Cover direct imports and qualified data references in features.
3. Add negative fixtures for prohibited edges and a deliberately failing test to
   prove checks return nonzero; fixtures must not remain compiled into customer code.
4. Configure host CI and pinned-device jobs for the chosen host; collect reports
   without exposing secrets. Device jobs may be scheduled separately but cannot vanish.
5. Add board check/tests to CI. Record which workflow actually executed; if no remote
   exists, retain local gate evidence and request runner/host access for hosted acceptance.
6. Implement the ticket-derived runner and report schema from QUALITY_FLOW.md.
   Inventory required tasks per gate; record actual execution, environment and
   input fingerprints. Avoid requiring final evidence before running the gate itself.
7. Upgrade board completion validation to consume retained reports, including
   current transition freshness versus historical Done evidence. Define artifact
   retention/retrieval and fail explicitly when reports cannot be retrieved.
8. Add negative bypass/freshness tests; update agent/runbook instructions with the
   working command. Configure and verify the chosen host's required quality check
   and merge protection with its administrator; leave acceptance incomplete until
   hosted results and protection evidence are available.

### Concrete cases and pitfalls
- A feature importing a concrete DAO through an alias/qualified name must not bypass
  the source boundary. Explain the checker coverage/limits rather than claiming complete compiler proof.
- New warnings cannot disappear into a blanket baseline; dependency review is separate
  from a lint version suggestion. PR code must never receive upload credentials.
- Static tooling belongs in the build/test path, not domain or release dependencies.
- A report for SELLO-017 cannot complete SELLO-018; G1 cannot satisfy G2. A copied
  success field is not an executed report. Changed code/acceptance requires rerun;
  adding evidence or regenerating board exports must not create a freshness loop.

### Verification recipe
Execute each negative fixture, remove it, then run the aggregate gate and board unit
tests. Archive output plus actual CI run IDs if available. Device tests require the
[device procedure](../EXECUTION_GUIDE.md#device-and-process-restoration), not test-APK assembly alone.
Run the new entrypoint for SELLO-004 itself after completed predecessor inputs,
validate its retained report, and demonstrate rejected invalid completion fixtures.
Attach local report and hosted check/protection evidence to `Quality run` and delivery
fields; request review only after required checks pass. Do not mark Done without
hosted acceptance or silently replace it with local-only verification.

Shared definition of done and gates:

1. Deliverables are checked in and satisfy every acceptance criterion. Changes
   respect architecture/source-set boundaries and do not activate deferred features.
2. Behavior changes have a meaningful failing test followed by passing evidence;
   pure build/docs tasks instead show negative/configuration/link checks as applicable.
3. Ticket-specific tests and its gate pass on the integrated branch. Record exact
   command/environment, revision, result counts, report paths, and device/API where
   relevant. A skipped gate is an outstanding requirement, not a pass.
   For SELLO-004 onward, use the mandatory runner delivered by 004 and record
   validated `Quality run` evidence before Review/Done; see QUALITY_FLOW.md.
4. Existing completed journeys still work. No successful stubs, inaccessible
   placeholders, destructive migrations, compile failures, or failed read → zero.
5. Applicable catalog examples and sandbox scenarios grow with the change.
   Accessibility, process restoration, financial bounds and error handling are
   checked where the ticket touches them; the final epic does not postpone quality.
6. Reviewer checks code, financial/recovery semantics, release isolation and
   evidence. Update the canonical ticket status/evidence, then regenerate the board.

Add a `### Delivery evidence` section to completed tickets with requirement mapping,
red/green commands, integration/device results, review and unresolved issues.
Do not rewrite acceptance after execution just to make a ticket pass.

Use these required evidence fields (no placeholder values): `Revision`,
`Requirement mapping`, `Red / Green`, `Gate results`, `Device / Artifact`, and
`Review`, each written as `- **Field:** evidence`. State why a red test/device gate
is inapplicable for a pure documentation task; do not waive a required G2/G3 test.
SELLO-004 and later additionally require `Quality run` before Review as well as
Done; bootstrap tickets 001–003 are exempt from that field.

## Gate profiles

Use the agreed JDK/SDK environment from SELLO-002; the inspected local baseline is:

```bash
export ANDROID_HOME=/home/okabe94/Android/Sdk
export JAVA_HOME=/opt/android-studio/jbr
export PATH=""$JAVA_HOME/bin:$PATH""
```

- **G0 — scaffold:** `./gradlew testDebugUnitTest lintDebug assembleDebug assembleRelease --continue`.
  Used until module bootstrap lands; unsigned release assembly is not publishing.
- **G1 — integrated host:** after SELLO-003, run the commands below plus the
  architecture/format/static checks introduced by SELLO-004. CI must keep one
  documented aggregate gate synchronized with actual Gradle task names.

```bash
./gradlew :domain:test :data:testDebugUnitTest :design-system:testDebugUnitTest \
  :app:testDebugUnitTest :catalog:testDebugUnitTest lintDebug \
  :app:assembleDebug :app:assembleRelease :catalog:assembleDebug --continue
```

- **G2 — affected device boundaries:** G1 plus appropriate real-Room/Compose tests
  on a pinned emulator/device. Use `:data:connectedDebugAndroidTest`,
  `:design-system:connectedDebugAndroidTest`, `:app:connectedDebugAndroidTest`,
  and `:catalog:connectedDebugAndroidTest` as applicable. Assemble test APKs if no
  device is available, but do **not** mark device acceptance complete.
- **G3 — release:** G2 across agreed API/window/font configurations, optimized
  production composition/artifact inspection, performance evidence, and signed
  release installation/backup smoke. MVP delivers a private APK, not a store/AAB upload.
  Separate ephemeral CI signing from the customer-distribution signing identity.

Focused tests run first; the gate is the final integrated checkpoint. Documentation
names expected new test behavior, not pretend pre-existing test classes.

",1001,Highest,Backlog,sello-004
5,Task,SELLO-005 — Wire production composition and distinct time sources,"Local ID: SELLO-005
Epic: SELLO-E01
Increment: MVP
Repository source: docs/planning/mvp/epics/E01-foundation.md
Resource links resolve relative to that repository file.
Shared tools: docs/planning/mvp/EXECUTION_GUIDE.md

- **Type:** Task
- **Priority:** P0
- **Status:** Backlog
- **Depends on:** SELLO-001, SELLO-003, SELLO-004
- **Gate:** G1

### Outcome
Make financial dates, audit time and lifetime ownership injectable without shipping debug controls.

### Deliverables
Required constructor-based Koin composition, platform-neutral observable financial
clock and zone contract, separately injected audit/monotonic timing ports, dispatchers
and owned scopes. Production clock reacts to midnight/resume/zone/time changes;
debug composition can replace only financial time. Preference contracts are neutral.

### Acceptance criteria
- Logic never calls global DI or reads wall time ad hoc; cancellation propagates.
- Financial zone is initialized once and later travel does not rewrite effective
  history. Until Room setup exists, use an explicit initialization path, not fake persistence.
- Missing required bindings fail graph construction; no successful no-op financial services.
- Financial stepping cannot change undo timers or real audit timestamps.

### Tests
Controlled-clock rollover/resume/time-zone tests, virtual-time lifecycle/cancellation
tests, and production/debug graph construction tests; run G1.

### Working checkpoint
Existing app/catalog launch under production time; pure tests exercise the future
sandbox seam without introducing its controls into release.

### Context and starting points
Legacy date-sensitive code diverged through wall-clock reads and global services.
Use the approved financial-zone decision and SELLO-003 module graph. Read architecture
§§2/4/9 and [contract checklist](../EXECUTION_GUIDE.md#contract-and-failure-checklist).
Domain clock ports are neutral; Android system observation belongs in app/platform.

### Implementation plan
1. Define financial date/zone/as-of observation, audit Instant and monotonic elapsed
   ports separately; add coroutine dispatcher/scope ownership without global lifetime lookup.
2. Implement real system adapters with explicit startup/resume/midnight/time-change
   recomputation and cancellation. Persisting financial zone is SELLO-011, not a fake default save.
3. Build app composition modules using required constructors; future workflows bind
   only as they exist. Do not require a successful dummy repository for graph creation.
4. Provide controlled ports in test/debug source sets and production graph checks;
   centralize mapping from adapters to consumer contracts.
5. Document lifecycle ownership and disposal so later sandbox session switches can
   cancel old observers and replace financial time without changing the other clocks.

### Concrete cases and pitfalls
- Month rollover while backgrounded must be observed on resume; travel must not
  change stored effective dates. Audit time and monotonic undo/inactivity remain real.
- Cancellation cannot be converted into Failed/empty financial data. A required
  missing binding is a wiring error, not a successful no-op.
- A mutable test clock must publish changes so snapshots update; changing a value
  in a field without an observable signal is not a working simulation seam.

### Verification recipe
Create/run `*FinancialClockTest`, `*ClockOwnershipTest` and composition graph tests
with controlled coroutine time. Run G1; retain midnight/resume/zone/cancellation
assertions and confirm app/catalog launch with production adapters.

Shared definition of done and gates:

1. Deliverables are checked in and satisfy every acceptance criterion. Changes
   respect architecture/source-set boundaries and do not activate deferred features.
2. Behavior changes have a meaningful failing test followed by passing evidence;
   pure build/docs tasks instead show negative/configuration/link checks as applicable.
3. Ticket-specific tests and its gate pass on the integrated branch. Record exact
   command/environment, revision, result counts, report paths, and device/API where
   relevant. A skipped gate is an outstanding requirement, not a pass.
   For SELLO-004 onward, use the mandatory runner delivered by 004 and record
   validated `Quality run` evidence before Review/Done; see QUALITY_FLOW.md.
4. Existing completed journeys still work. No successful stubs, inaccessible
   placeholders, destructive migrations, compile failures, or failed read → zero.
5. Applicable catalog examples and sandbox scenarios grow with the change.
   Accessibility, process restoration, financial bounds and error handling are
   checked where the ticket touches them; the final epic does not postpone quality.
6. Reviewer checks code, financial/recovery semantics, release isolation and
   evidence. Update the canonical ticket status/evidence, then regenerate the board.

Add a `### Delivery evidence` section to completed tickets with requirement mapping,
red/green commands, integration/device results, review and unresolved issues.
Do not rewrite acceptance after execution just to make a ticket pass.

Use these required evidence fields (no placeholder values): `Revision`,
`Requirement mapping`, `Red / Green`, `Gate results`, `Device / Artifact`, and
`Review`, each written as `- **Field:** evidence`. State why a red test/device gate
is inapplicable for a pure documentation task; do not waive a required G2/G3 test.
SELLO-004 and later additionally require `Quality run` before Review as well as
Done; bootstrap tickets 001–003 are exempt from that field.

## Gate profiles

Use the agreed JDK/SDK environment from SELLO-002; the inspected local baseline is:

```bash
export ANDROID_HOME=/home/okabe94/Android/Sdk
export JAVA_HOME=/opt/android-studio/jbr
export PATH=""$JAVA_HOME/bin:$PATH""
```

- **G0 — scaffold:** `./gradlew testDebugUnitTest lintDebug assembleDebug assembleRelease --continue`.
  Used until module bootstrap lands; unsigned release assembly is not publishing.
- **G1 — integrated host:** after SELLO-003, run the commands below plus the
  architecture/format/static checks introduced by SELLO-004. CI must keep one
  documented aggregate gate synchronized with actual Gradle task names.

```bash
./gradlew :domain:test :data:testDebugUnitTest :design-system:testDebugUnitTest \
  :app:testDebugUnitTest :catalog:testDebugUnitTest lintDebug \
  :app:assembleDebug :app:assembleRelease :catalog:assembleDebug --continue
```

- **G2 — affected device boundaries:** G1 plus appropriate real-Room/Compose tests
  on a pinned emulator/device. Use `:data:connectedDebugAndroidTest`,
  `:design-system:connectedDebugAndroidTest`, `:app:connectedDebugAndroidTest`,
  and `:catalog:connectedDebugAndroidTest` as applicable. Assemble test APKs if no
  device is available, but do **not** mark device acceptance complete.
- **G3 — release:** G2 across agreed API/window/font configurations, optimized
  production composition/artifact inspection, performance evidence, and signed
  release installation/backup smoke. MVP delivers a private APK, not a store/AAB upload.
  Separate ephemeral CI signing from the customer-distribution signing identity.

Focused tests run first; the gate is the final integrated checkpoint. Documentation
names expected new test behavior, not pretend pre-existing test classes.

",1001,Highest,Backlog,sello-005
1002,Epic,SELLO-E02 — Sello design system and component catalog,"Local ID: SELLO-E02
Increment: MVP
Goal: Build the actual reusable visual language and a separately runnable UI laboratory.
Exit: Shared primitives cover MVP screens, all themes/states are browseable by type, and app release has no catalog dependency.",,Highest,Backlog,sello-e02
6,Task,SELLO-006 — Implement Sello tokens and the independent catalog shell,"Local ID: SELLO-006
Epic: SELLO-E02
Increment: MVP
Repository source: docs/planning/mvp/epics/E02-design-system.md
Resource links resolve relative to that repository file.
Shared tools: docs/planning/mvp/EXECUTION_GUIDE.md

- **Type:** Task
- **Priority:** P0
- **Status:** Backlog
- **Depends on:** SELLO-001, SELLO-003, SELLO-004
- **Gate:** G2

### Outcome
Make typography, colors, spacing, shapes and motion authoritative reusable assets.

### Deliverables
SelloTheme with Cobalto/Violeta × light/dark, Material mappings, semantic gain/loss
tokens, bundled licensed fonts and Rounded symbols. Catalog home grouped by component
type with local theme/font/window controls; stable example IDs and token previews.

### Acceptance criteria
- No dynamic Material palette silently replaces Sello's inks; semantic meanings
  remain unchanged across inks. Stencil type is limited to stamps.
- Catalog uses its own launcher/application ID, installs beside app and accesses no
  financial repository, production DI, storage/network permission or customer data.
- Catalog controls and fixtures are not part of the shared component runtime API.

### Tests
Theme/token mapping and contrast checks, four-scheme previews, catalog launch/theme
interaction UI tests and dependency inspection. Run G2 for catalog/theme boundaries.

### Working checkpoint
App renders through the same theme; catalog is a real independent executable,
not documentation screenshots or duplicated composables.

### Context and starting points
The template theme is not Sello and per-screen styling would fork immediately.
Use modules/IDs from SELLO-003, accepted D01/D02 and
[foundations](../../../design/sello-spec.html#foundations). Read architecture §6,
the guide's module map and Compose testing/accessibility sources.

### Implementation plan
1. Inventory the reference's four color schemes/type/spacing/shape/motion tokens;
   implement typed providers in design-system/theme with Material mappings.
2. Bundle reviewed fonts/icon assets and license notices; remove template palette
   ownership after app points to the new theme. No runtime font/network fetch.
3. Add catalog home/routes grouped by component type, stable example IDs and local
   theme/font/window selection. Initially show implemented foundations only.
4. Add token/type samples, long monetary text samples and contrast checks in all
   schemes. Keep catalog controls/fixtures in catalog, not the reusable theme API.
5. Verify independent launch/package permissions and apply the theme in the existing
   customer screen; preference persistence comes later in SELLO-023.

### Concrete cases and pitfalls
- Switching Cobalto to Violeta changes brand ink, not gain/loss meaning.
- Saira Stencil One is for stamps; minimum readable text is 12sp. System theme
  default must not override selected ink or introduce dynamic Material colors.
- Browser Google Fonts loading is not proof app assets are bundled/licensed;
  test actual APK resources and offline launch.

### Verification recipe
Create `*SelloThemeTest` and catalog launcher/control UI tests. Run catalog host
tests/assembleDebug plus catalog connected tests and G2; record four-scheme previews,
contrast results, bundled assets/licenses and distinct application IDs.

Shared definition of done and gates:

1. Deliverables are checked in and satisfy every acceptance criterion. Changes
   respect architecture/source-set boundaries and do not activate deferred features.
2. Behavior changes have a meaningful failing test followed by passing evidence;
   pure build/docs tasks instead show negative/configuration/link checks as applicable.
3. Ticket-specific tests and its gate pass on the integrated branch. Record exact
   command/environment, revision, result counts, report paths, and device/API where
   relevant. A skipped gate is an outstanding requirement, not a pass.
   For SELLO-004 onward, use the mandatory runner delivered by 004 and record
   validated `Quality run` evidence before Review/Done; see QUALITY_FLOW.md.
4. Existing completed journeys still work. No successful stubs, inaccessible
   placeholders, destructive migrations, compile failures, or failed read → zero.
5. Applicable catalog examples and sandbox scenarios grow with the change.
   Accessibility, process restoration, financial bounds and error handling are
   checked where the ticket touches them; the final epic does not postpone quality.
6. Reviewer checks code, financial/recovery semantics, release isolation and
   evidence. Update the canonical ticket status/evidence, then regenerate the board.

Add a `### Delivery evidence` section to completed tickets with requirement mapping,
red/green commands, integration/device results, review and unresolved issues.
Do not rewrite acceptance after execution just to make a ticket pass.

Use these required evidence fields (no placeholder values): `Revision`,
`Requirement mapping`, `Red / Green`, `Gate results`, `Device / Artifact`, and
`Review`, each written as `- **Field:** evidence`. State why a red test/device gate
is inapplicable for a pure documentation task; do not waive a required G2/G3 test.
SELLO-004 and later additionally require `Quality run` before Review as well as
Done; bootstrap tickets 001–003 are exempt from that field.

## Gate profiles

Use the agreed JDK/SDK environment from SELLO-002; the inspected local baseline is:

```bash
export ANDROID_HOME=/home/okabe94/Android/Sdk
export JAVA_HOME=/opt/android-studio/jbr
export PATH=""$JAVA_HOME/bin:$PATH""
```

- **G0 — scaffold:** `./gradlew testDebugUnitTest lintDebug assembleDebug assembleRelease --continue`.
  Used until module bootstrap lands; unsigned release assembly is not publishing.
- **G1 — integrated host:** after SELLO-003, run the commands below plus the
  architecture/format/static checks introduced by SELLO-004. CI must keep one
  documented aggregate gate synchronized with actual Gradle task names.

```bash
./gradlew :domain:test :data:testDebugUnitTest :design-system:testDebugUnitTest \
  :app:testDebugUnitTest :catalog:testDebugUnitTest lintDebug \
  :app:assembleDebug :app:assembleRelease :catalog:assembleDebug --continue
```

- **G2 — affected device boundaries:** G1 plus appropriate real-Room/Compose tests
  on a pinned emulator/device. Use `:data:connectedDebugAndroidTest`,
  `:design-system:connectedDebugAndroidTest`, `:app:connectedDebugAndroidTest`,
  and `:catalog:connectedDebugAndroidTest` as applicable. Assemble test APKs if no
  device is available, but do **not** mark device acceptance complete.
- **G3 — release:** G2 across agreed API/window/font configurations, optimized
  production composition/artifact inspection, performance evidence, and signed
  release installation/backup smoke. MVP delivers a private APK, not a store/AAB upload.
  Separate ephemeral CI signing from the customer-distribution signing identity.

Focused tests run first; the gate is the final integrated checkpoint. Documentation
names expected new test behavior, not pretend pre-existing test classes.

",1002,Highest,Backlog,sello-006
7,Story,"SELLO-007 — Deliver paper, exact money and feedback components","Local ID: SELLO-007
Epic: SELLO-E02
Increment: MVP
Repository source: docs/planning/mvp/epics/E02-design-system.md
Resource links resolve relative to that repository file.
Shared tools: docs/planning/mvp/EXECUTION_GUIDE.md

- **Type:** Story
- **Priority:** P0
- **Status:** Backlog
- **Depends on:** SELLO-006, SELLO-010, SELLO-004
- **Gate:** G2

### Outcome
Screens can present financial answers, loading, emptiness and failures consistently.

### Deliverables
Slip/pinked shape, TearLine, LeaderLine, TotalLine, KeyValue, MoneyText, Stamp,
ConfirmSlip, EmptySlip, ErrorSlip and SlipSkeleton; resource-based shared `es-CO`
formatting in app presentation and simple exact render inputs in design-system.
Add grouped previews/catalog fixtures for every applicable state.

### Acceptance criteria
- Amounts retain exact values and currency-aware semantics; abbreviations never
  replace receipt/list values. True minus and tabular digits follow the reference.
- Large Long-boundary amounts wrap without clipping at font scale 2.0; stamps
  announce ordinary words and reduced motion exposes the final answer immediately.
- Error/retry/busy/confirmation interactions have accessible roles and 48dp targets.

### Tests
Money formatting boundaries, semantic-node/currency assertions, reduced-motion
and callback UI tests in four themes; visual review of pinked edges/tear lines.

### Working checkpoint
Catalog demonstrates real working components; the existing app still renders.
No component depends on domain/entity types or performs a financial write.

### Context and starting points
These primitives make financial UI and errors consistent before entry screens exist.
Read [paper/money/stamps](../../../design/sello-spec.html#c-slip), architecture §6,
the Money policy/tests from SELLO-010 and tokens from SELLO-006.
Shared application formatting and design-system rendering have different owners.

### Implementation plan
1. Create paper/tear/leader/total/key-value and stamp APIs using theme tokens and
   modifiers; implement pinked clipping/ripple, not hand-drawn copies in screens.
2. Add exact `es-CO` formatter in app/presentation and stateless formatted-money
   inputs in design-system. Preserve currency/sign/accessibility separately from geometry.
3. Implement empty/skeleton/error/retry/confirm/busy feedback with ordinary semantic
   roles and required callbacks; decorative stamps cannot trigger writes.
4. Register synthetic catalog examples and previews for empty/large/negative amounts,
   long labels, retry/confirmation actions, reduced motion and four color schemes.
5. Validate large-font wrapping, divider spacing, hit areas and reader order; app
   still launches through shared components without a repository dependency in catalog.

### Concrete cases and pitfalls
- Display COP 1,234 as full grouped value; a value near Long maximum must never be
  converted to Float for its label. Negative uses true minus and announces currency.
- Confirm cancellation invokes only cancellation; ErrorSlip retry invokes exactly
  its callback. One visual success stamp cannot imply a fake committed receipt.
- Reduced motion exposes exact final text immediately; no financial value exists
  only midway through a count animation. Clip pinked shapes, not text/content bounds.

### Verification recipe
Create/run `*MoneyFormatterTest`, `*MoneySemanticsTest` and feedback interaction UI
tests, then G2 for design-system/catalog. Review reference shape/spacing screenshots
at scales 1.0/1.3/2.0; list every implemented example ID in delivery evidence.

Shared definition of done and gates:

1. Deliverables are checked in and satisfy every acceptance criterion. Changes
   respect architecture/source-set boundaries and do not activate deferred features.
2. Behavior changes have a meaningful failing test followed by passing evidence;
   pure build/docs tasks instead show negative/configuration/link checks as applicable.
3. Ticket-specific tests and its gate pass on the integrated branch. Record exact
   command/environment, revision, result counts, report paths, and device/API where
   relevant. A skipped gate is an outstanding requirement, not a pass.
   For SELLO-004 onward, use the mandatory runner delivered by 004 and record
   validated `Quality run` evidence before Review/Done; see QUALITY_FLOW.md.
4. Existing completed journeys still work. No successful stubs, inaccessible
   placeholders, destructive migrations, compile failures, or failed read → zero.
5. Applicable catalog examples and sandbox scenarios grow with the change.
   Accessibility, process restoration, financial bounds and error handling are
   checked where the ticket touches them; the final epic does not postpone quality.
6. Reviewer checks code, financial/recovery semantics, release isolation and
   evidence. Update the canonical ticket status/evidence, then regenerate the board.

Add a `### Delivery evidence` section to completed tickets with requirement mapping,
red/green commands, integration/device results, review and unresolved issues.
Do not rewrite acceptance after execution just to make a ticket pass.

Use these required evidence fields (no placeholder values): `Revision`,
`Requirement mapping`, `Red / Green`, `Gate results`, `Device / Artifact`, and
`Review`, each written as `- **Field:** evidence`. State why a red test/device gate
is inapplicable for a pure documentation task; do not waive a required G2/G3 test.
SELLO-004 and later additionally require `Quality run` before Review as well as
Done; bootstrap tickets 001–003 are exempt from that field.

## Gate profiles

Use the agreed JDK/SDK environment from SELLO-002; the inspected local baseline is:

```bash
export ANDROID_HOME=/home/okabe94/Android/Sdk
export JAVA_HOME=/opt/android-studio/jbr
export PATH=""$JAVA_HOME/bin:$PATH""
```

- **G0 — scaffold:** `./gradlew testDebugUnitTest lintDebug assembleDebug assembleRelease --continue`.
  Used until module bootstrap lands; unsigned release assembly is not publishing.
- **G1 — integrated host:** after SELLO-003, run the commands below plus the
  architecture/format/static checks introduced by SELLO-004. CI must keep one
  documented aggregate gate synchronized with actual Gradle task names.

```bash
./gradlew :domain:test :data:testDebugUnitTest :design-system:testDebugUnitTest \
  :app:testDebugUnitTest :catalog:testDebugUnitTest lintDebug \
  :app:assembleDebug :app:assembleRelease :catalog:assembleDebug --continue
```

- **G2 — affected device boundaries:** G1 plus appropriate real-Room/Compose tests
  on a pinned emulator/device. Use `:data:connectedDebugAndroidTest`,
  `:design-system:connectedDebugAndroidTest`, `:app:connectedDebugAndroidTest`,
  and `:catalog:connectedDebugAndroidTest` as applicable. Assemble test APKs if no
  device is available, but do **not** mark device acceptance complete.
- **G3 — release:** G2 across agreed API/window/font configurations, optimized
  production composition/artifact inspection, performance evidence, and signed
  release installation/backup smoke. MVP delivers a private APK, not a store/AAB upload.
  Separate ephemeral CI signing from the customer-distribution signing identity.

Focused tests run first; the gate is the final integrated checkpoint. Documentation
names expected new test behavior, not pretend pre-existing test classes.

",1002,Highest,Backlog,sello-007
8,Story,SELLO-008 — Build accessible amount-first inputs and entry states,"Local ID: SELLO-008
Epic: SELLO-E02
Increment: MVP
Repository source: docs/planning/mvp/epics/E02-design-system.md
Resource links resolve relative to that repository file.
Shared tools: docs/planning/mvp/EXECUTION_GUIDE.md

- **Type:** Story
- **Priority:** P0
- **Status:** Backlog
- **Depends on:** SELLO-006, SELLO-010, SELLO-004
- **Gate:** G2

### Outcome
Provide the shared keypad/chips/fields/buttons needed for expense and income entry.

### Deliverables
Amount keypad, date/category/source chips, bounded text fields, switches and busy
buttons, plus reusable validation-display contracts. Catalog examples demonstrate
editing, invalid paste, missing selections, disabled/busy and large-font states.

### Acceptance criteria
- Controls display explicit validation; they never sanitize `1e3`, a negative
  sign or ambiguous separators into another amount. Commands still validate later.
- Hardware keyboard/Switch Access focus follows reading order. System keyboard
  entry keeps the focused field visible; hit targets meet the minimum.
- Empty amount is a draft, not a valid zero-money command; double taps are preventable
  visually but eventual database uniqueness remains required.

### Tests
Keypad/input boundary tests and Compose tests for callbacks, focus, paste rejection,
busy/disabled semantics and scale 2.0; run G2 on relevant catalog/device states.

### Working checkpoint
Inputs are locally interactive in catalog without a repository or fake saving service.

### Context and starting points
Expense and income must share controls without sharing an unsafe universal form.
Inputs are defined at [keypad](../../../design/sello-spec.html#c-amountkeypad) and
the following input components. Use SELLO-010 validators and approved D05 field
limits, not invented max digits/note lengths.

### Implementation plan
1. Build keypad/backspace/chips/date/note/field/switch/button controls as stateless
   values/actions; actual drafts and business validation stay with consuming features.
2. Route keyboard/paste input through the original-input validator; retain invalid
   text and typed error rather than filtering characters into a different amount.
3. Implement required/busy/disabled/focused states and category-chip wrapping/scrolling;
   request focus/keyboard behavior only at the appropriate Root/control boundary.
4. Add catalog-local interactive drafts and reset controls; enforce hardware keyboard
   and Switch Access focus order with minimum hit boxes.
5. Add previews for absent category, max digits, note error and keyboard-visible layout;
   do not add recurrence or investment controls merely because reference shows them.

### Concrete cases and pitfalls
- Pasting `1e3` must stay invalid, not become 13; deleting all digits returns an
  incomplete draft, not a valid zero expense. D05 resolves keypad versus import range.
- Busy button cannot emit a second confirm action; this UI guard does not replace
  future database operation uniqueness. Chips cannot trap focus below the keyboard.
- At font scale 2.0 a tall hit box is required even for visually short chips.

### Verification recipe
Create/run `*AmountInputTest` and `*EntryControlsTest` for validation/callback/focus
boundaries; run design-system/catalog G2. Capture keyboard/paste and large-font
examples using the guide's device procedure, with no financial repository involved.

Shared definition of done and gates:

1. Deliverables are checked in and satisfy every acceptance criterion. Changes
   respect architecture/source-set boundaries and do not activate deferred features.
2. Behavior changes have a meaningful failing test followed by passing evidence;
   pure build/docs tasks instead show negative/configuration/link checks as applicable.
3. Ticket-specific tests and its gate pass on the integrated branch. Record exact
   command/environment, revision, result counts, report paths, and device/API where
   relevant. A skipped gate is an outstanding requirement, not a pass.
   For SELLO-004 onward, use the mandatory runner delivered by 004 and record
   validated `Quality run` evidence before Review/Done; see QUALITY_FLOW.md.
4. Existing completed journeys still work. No successful stubs, inaccessible
   placeholders, destructive migrations, compile failures, or failed read → zero.
5. Applicable catalog examples and sandbox scenarios grow with the change.
   Accessibility, process restoration, financial bounds and error handling are
   checked where the ticket touches them; the final epic does not postpone quality.
6. Reviewer checks code, financial/recovery semantics, release isolation and
   evidence. Update the canonical ticket status/evidence, then regenerate the board.

Add a `### Delivery evidence` section to completed tickets with requirement mapping,
red/green commands, integration/device results, review and unresolved issues.
Do not rewrite acceptance after execution just to make a ticket pass.

Use these required evidence fields (no placeholder values): `Revision`,
`Requirement mapping`, `Red / Green`, `Gate results`, `Device / Artifact`, and
`Review`, each written as `- **Field:** evidence`. State why a red test/device gate
is inapplicable for a pure documentation task; do not waive a required G2/G3 test.
SELLO-004 and later additionally require `Quality run` before Review as well as
Done; bootstrap tickets 001–003 are exempt from that field.

## Gate profiles

Use the agreed JDK/SDK environment from SELLO-002; the inspected local baseline is:

```bash
export ANDROID_HOME=/home/okabe94/Android/Sdk
export JAVA_HOME=/opt/android-studio/jbr
export PATH=""$JAVA_HOME/bin:$PATH""
```

- **G0 — scaffold:** `./gradlew testDebugUnitTest lintDebug assembleDebug assembleRelease --continue`.
  Used until module bootstrap lands; unsigned release assembly is not publishing.
- **G1 — integrated host:** after SELLO-003, run the commands below plus the
  architecture/format/static checks introduced by SELLO-004. CI must keep one
  documented aggregate gate synchronized with actual Gradle task names.

```bash
./gradlew :domain:test :data:testDebugUnitTest :design-system:testDebugUnitTest \
  :app:testDebugUnitTest :catalog:testDebugUnitTest lintDebug \
  :app:assembleDebug :app:assembleRelease :catalog:assembleDebug --continue
```

- **G2 — affected device boundaries:** G1 plus appropriate real-Room/Compose tests
  on a pinned emulator/device. Use `:data:connectedDebugAndroidTest`,
  `:design-system:connectedDebugAndroidTest`, `:app:connectedDebugAndroidTest`,
  and `:catalog:connectedDebugAndroidTest` as applicable. Assemble test APKs if no
  device is available, but do **not** mark device acceptance complete.
- **G3 — release:** G2 across agreed API/window/font configurations, optimized
  production composition/artifact inspection, performance evidence, and signed
  release installation/backup smoke. MVP delivers a private APK, not a store/AAB upload.
  Separate ephemeral CI signing from the customer-distribution signing identity.

Focused tests run first; the gate is the final integrated checkpoint. Documentation
names expected new test behavior, not pretend pre-existing test classes.

",1002,Highest,Backlog,sello-008
9,Story,"SELLO-009 — Build category, adaptive navigation and exact-chart primitives","Local ID: SELLO-009
Epic: SELLO-E02
Increment: MVP
Repository source: docs/planning/mvp/epics/E02-design-system.md
Resource links resolve relative to that repository file.
Shared tools: docs/planning/mvp/EXECUTION_GUIDE.md

- **Type:** Story
- **Priority:** P1
- **Status:** Backlog
- **Depends on:** SELLO-007, SELLO-004
- **Gate:** G2

### Outcome
Supply shared visual building blocks for Recibo and basic Resumen without owning navigation logic.

### Deliverables
CategoryCircle/Cell, scaffold/dock/tab/rail and month-switcher primitives; minimal
bar/line chart wrappers with exact render fixtures, selection values and accessible
text equivalents. Add all type groups/states to catalog with stable IDs.

### Acceptance criteria
- Category meaning uses names/icons and brand ink, not per-category colors.
- Width/height adaptation follows Sello: compact, short landscape, medium and expanded;
  dock/insets never cover content. Navigation callbacks are stateless.
- Chart geometry may approximate, but selected amounts and textual equivalents
  use original exact values. Charts are ≥130dp with at most one labeled reference.
- Customer app remains free of catalog chrome and synthetic data dependencies.

### Tests
Chart selection at large amounts, accessible text/value agreement, layout/inset
and navigation-callback tests, four-scheme catalog walkthrough; run G2.

### Working checkpoint
App can compose the primitives without importing catalog; independent catalog groups
show every delivered component and do not advertise unfinished product screens.

### Context and starting points
Recibo and Resumen need shared category/navigation/chart rendering, not separate
copies. Read [categories](../../../design/sello-spec.html#c-categorycircle),
[scaffold](../../../design/sello-spec.html#c-selloscaffold), navigation/a11y sections
and exact render-input contracts from SELLO-007. No financial aggregate policy is owned here.

### Implementation plan
1. Implement CategoryCircle/Cell using explicit presentation progress/status/name/icon;
   clamp drawing progress only, retaining exact over-limit sign/text.
2. Add scaffold/dock/tabs/rail/month controls with callbacks and inset slots. Support
   two MVP tabs without hardcoding disabled Patrimonio in a reusable component.
3. Implement bar/line chart render inputs retaining IDs and exact labels/values;
   normalize geometry separately. Selected point maps back to original data, not pixels.
4. Implement compact/short-height/medium/expanded layouts and accessible chart summary
   or equivalent values. Navigation state/business month validation belong to app.
5. Register examples with near-maximum amounts, no limit, negative remaining, empty
   chart and different window sizes. Keep complex future investment charts out of MVP.

### Concrete cases and pitfalls
- Two adjacent amounts above floating-point exact range may draw similarly but
  must select/announce their distinct exact values.
- Under 480dp height use the reference's rail/two independently scrollable panes;
  medium content cap and expanded pane/sheet widths come from the local reference.
- A custom Canvas without text semantics/keyboard selection is not an accessible chart.

### Verification recipe
Create/run `*ChartExactSelectionTest`, `*CategorySemanticsTest` and adaptive scaffold
UI tests; run G2 for design-system/catalog. Inspect insets, tap targets and text
summaries against fixture IDs/values rather than judging screenshots alone.

Shared definition of done and gates:

1. Deliverables are checked in and satisfy every acceptance criterion. Changes
   respect architecture/source-set boundaries and do not activate deferred features.
2. Behavior changes have a meaningful failing test followed by passing evidence;
   pure build/docs tasks instead show negative/configuration/link checks as applicable.
3. Ticket-specific tests and its gate pass on the integrated branch. Record exact
   command/environment, revision, result counts, report paths, and device/API where
   relevant. A skipped gate is an outstanding requirement, not a pass.
   For SELLO-004 onward, use the mandatory runner delivered by 004 and record
   validated `Quality run` evidence before Review/Done; see QUALITY_FLOW.md.
4. Existing completed journeys still work. No successful stubs, inaccessible
   placeholders, destructive migrations, compile failures, or failed read → zero.
5. Applicable catalog examples and sandbox scenarios grow with the change.
   Accessibility, process restoration, financial bounds and error handling are
   checked where the ticket touches them; the final epic does not postpone quality.
6. Reviewer checks code, financial/recovery semantics, release isolation and
   evidence. Update the canonical ticket status/evidence, then regenerate the board.

Add a `### Delivery evidence` section to completed tickets with requirement mapping,
red/green commands, integration/device results, review and unresolved issues.
Do not rewrite acceptance after execution just to make a ticket pass.

Use these required evidence fields (no placeholder values): `Revision`,
`Requirement mapping`, `Red / Green`, `Gate results`, `Device / Artifact`, and
`Review`, each written as `- **Field:** evidence`. State why a red test/device gate
is inapplicable for a pure documentation task; do not waive a required G2/G3 test.
SELLO-004 and later additionally require `Quality run` before Review as well as
Done; bootstrap tickets 001–003 are exempt from that field.

## Gate profiles

Use the agreed JDK/SDK environment from SELLO-002; the inspected local baseline is:

```bash
export ANDROID_HOME=/home/okabe94/Android/Sdk
export JAVA_HOME=/opt/android-studio/jbr
export PATH=""$JAVA_HOME/bin:$PATH""
```

- **G0 — scaffold:** `./gradlew testDebugUnitTest lintDebug assembleDebug assembleRelease --continue`.
  Used until module bootstrap lands; unsigned release assembly is not publishing.
- **G1 — integrated host:** after SELLO-003, run the commands below plus the
  architecture/format/static checks introduced by SELLO-004. CI must keep one
  documented aggregate gate synchronized with actual Gradle task names.

```bash
./gradlew :domain:test :data:testDebugUnitTest :design-system:testDebugUnitTest \
  :app:testDebugUnitTest :catalog:testDebugUnitTest lintDebug \
  :app:assembleDebug :app:assembleRelease :catalog:assembleDebug --continue
```

- **G2 — affected device boundaries:** G1 plus appropriate real-Room/Compose tests
  on a pinned emulator/device. Use `:data:connectedDebugAndroidTest`,
  `:design-system:connectedDebugAndroidTest`, `:app:connectedDebugAndroidTest`,
  and `:catalog:connectedDebugAndroidTest` as applicable. Assemble test APKs if no
  device is available, but do **not** mark device acceptance complete.
- **G3 — release:** G2 across agreed API/window/font configurations, optimized
  production composition/artifact inspection, performance evidence, and signed
  release installation/backup smoke. MVP delivers a private APK, not a store/AAB upload.
  Separate ephemeral CI signing from the customer-distribution signing identity.

Focused tests run first; the gate is the final integrated checkpoint. Documentation
names expected new test behavior, not pretend pre-existing test classes.

",1002,High,Backlog,sello-009
1003,Epic,SELLO-E03 — Financial truth and persistence,"Local ID: SELLO-E03
Increment: MVP
Goal: Make amounts, budgets, dates and saved outcomes trustworthy before the UI relies on them.
Exit: Tested exact policies, Room contracts/migrations, durable command receipts and same-revision snapshots; no dormant post-MVP schema.",,Highest,Backlog,sello-e03
10,Task,"SELLO-010 — Implement exact money, dates and command validation","Local ID: SELLO-010
Epic: SELLO-E03
Increment: MVP
Repository source: docs/planning/mvp/epics/E03-financial-core.md
Resource links resolve relative to that repository file.
Shared tools: docs/planning/mvp/EXECUTION_GUIDE.md

- **Type:** Task
- **Priority:** P0
- **Status:** Backlog
- **Depends on:** SELLO-001, SELLO-003, SELLO-004
- **Gate:** G1

### Outcome
Create one pure domain boundary for amounts and effective periods, not scattered screen helpers.

### Deliverables
Typed COP money, currency scale policy, strict locale-aware input parsing, checked
arithmetic with exact widened totals, typed failures, LocalDate/YearMonth validation
and bounded name/note rules. Future currency policy can be represented without
exposing unsupported MVP entry currencies or adding rate infrastructure.

### Acceptance criteria
- Valid COP amounts round-trip exactly; invalid fraction, zero/negative where
  forbidden, exponent notation, overflow and ambiguous paste reject original input.
- Intermediate summation order does not create false overflow; final unrepresentable
  values are explicit failures, never zero/wrap/saturation.
- Effective dates cannot exceed the financial current date for manual MVP entries;
  audit Instants and translated labels are not embedded in financial identity.
- Enforce approved D05 name/note/Other-source boundaries and M01–M05/T01–T06;
  distinguish the 12-digit keypad limit from the wider valid domain/backup range.
  Category uniqueness normalization is shared, deterministic and enforced by real
  command/storage boundaries when they ship, not a UI-only duplicate warning.

### Tests
Table/property-style tests around Long bounds, grouping/separators, empty drafts,
checked addition/subtraction, reordered sums, leap days, and future-date rejection.
Include field-length Unicode boundaries, original invalid-input rejection and the
large imported amount preserved by an unrelated-field edit at its owning workflow.
Capture red→green evidence and run G1.

### Working checkpoint
Policies run without Android or DI. Existing app/catalog compile; no unvalidated
money enters a newly exposed product workflow.

### Context and starting points
Integer storage alone does not protect parsing, sums or dates. Inputs are the
approved D03/D05 decisions and example corpus from SELLO-001; read architecture §4,
[M/B examples](../DECISION_INPUTS.md#exact-baseline-examples) and module map.
There is no legacy helper to transplant wholesale.

### Implementation plan
1. Define typed money/currency/effective-date/month values and typed validation failures
   in domain/model/policy; define a draft parse result separately from valid positive money.
2. Implement strict approved `es-CO` input grammar, currency scale/rounding and exact
   Long conversion. Validate the original lexeme; do not strip arbitrary characters.
3. Implement checked add/subtract and widened aggregate sums; final representation
   checks must be independent of iteration order. Keep rates/floating-point out of MVP.
4. Implement approved field/date bounds with injected financial date, including
   manual future-date rejection; codecs/render strings belong to other boundaries.
5. Create table-driven domain tests before production logic and document stable
   public contracts for controls/Room/backup consumers. Do not add pass-through use cases.

### Concrete cases and pitfalls
- M01/M02 must hold. A mathematical sum `Long.MAX_VALUE + 1 - Long.MAX_VALUE` is
  1 even if a narrow intermediate would overflow; an actual final overflow must fail.
- COP fractional amounts cannot round silently unless the approved boundary explicitly
  permits conversion. Zero/empty draft and zero valid budget are different concepts.
- A valid calendar date after the injected current date is still invalid manual entry;
  date parsing failure must not return raw text as if valid.

### Verification recipe
Create/run `./gradlew :domain:test --tests '*MoneyPolicyTest'` and `*DatePolicyTest`,
then G1. Record independent boundary tables and red→green output. Tests must execute
on JVM without Android, database or DI initialization.

Shared definition of done and gates:

1. Deliverables are checked in and satisfy every acceptance criterion. Changes
   respect architecture/source-set boundaries and do not activate deferred features.
2. Behavior changes have a meaningful failing test followed by passing evidence;
   pure build/docs tasks instead show negative/configuration/link checks as applicable.
3. Ticket-specific tests and its gate pass on the integrated branch. Record exact
   command/environment, revision, result counts, report paths, and device/API where
   relevant. A skipped gate is an outstanding requirement, not a pass.
   For SELLO-004 onward, use the mandatory runner delivered by 004 and record
   validated `Quality run` evidence before Review/Done; see QUALITY_FLOW.md.
4. Existing completed journeys still work. No successful stubs, inaccessible
   placeholders, destructive migrations, compile failures, or failed read → zero.
5. Applicable catalog examples and sandbox scenarios grow with the change.
   Accessibility, process restoration, financial bounds and error handling are
   checked where the ticket touches them; the final epic does not postpone quality.
6. Reviewer checks code, financial/recovery semantics, release isolation and
   evidence. Update the canonical ticket status/evidence, then regenerate the board.

Add a `### Delivery evidence` section to completed tickets with requirement mapping,
red/green commands, integration/device results, review and unresolved issues.
Do not rewrite acceptance after execution just to make a ticket pass.

Use these required evidence fields (no placeholder values): `Revision`,
`Requirement mapping`, `Red / Green`, `Gate results`, `Device / Artifact`, and
`Review`, each written as `- **Field:** evidence`. State why a red test/device gate
is inapplicable for a pure documentation task; do not waive a required G2/G3 test.
SELLO-004 and later additionally require `Quality run` before Review as well as
Done; bootstrap tickets 001–003 are exempt from that field.

## Gate profiles

Use the agreed JDK/SDK environment from SELLO-002; the inspected local baseline is:

```bash
export ANDROID_HOME=/home/okabe94/Android/Sdk
export JAVA_HOME=/opt/android-studio/jbr
export PATH=""$JAVA_HOME/bin:$PATH""
```

- **G0 — scaffold:** `./gradlew testDebugUnitTest lintDebug assembleDebug assembleRelease --continue`.
  Used until module bootstrap lands; unsigned release assembly is not publishing.
- **G1 — integrated host:** after SELLO-003, run the commands below plus the
  architecture/format/static checks introduced by SELLO-004. CI must keep one
  documented aggregate gate synchronized with actual Gradle task names.

```bash
./gradlew :domain:test :data:testDebugUnitTest :design-system:testDebugUnitTest \
  :app:testDebugUnitTest :catalog:testDebugUnitTest lintDebug \
  :app:assembleDebug :app:assembleRelease :catalog:assembleDebug --continue
```

- **G2 — affected device boundaries:** G1 plus appropriate real-Room/Compose tests
  on a pinned emulator/device. Use `:data:connectedDebugAndroidTest`,
  `:design-system:connectedDebugAndroidTest`, `:app:connectedDebugAndroidTest`,
  and `:catalog:connectedDebugAndroidTest` as applicable. Assemble test APKs if no
  device is available, but do **not** mark device acceptance complete.
- **G3 — release:** G2 across agreed API/window/font configurations, optimized
  production composition/artifact inspection, performance evidence, and signed
  release installation/backup smoke. MVP delivers a private APK, not a store/AAB upload.
  Separate ephemeral CI signing from the customer-distribution signing identity.

Focused tests run first; the gate is the final integrated checkpoint. Documentation
names expected new test behavior, not pretend pre-existing test classes.

",1003,Highest,Backlog,sello-010
11,Task,"SELLO-011 — Create Room v1, integrity constraints and recovery metadata","Local ID: SELLO-011
Epic: SELLO-E03
Increment: MVP
Repository source: docs/planning/mvp/epics/E03-financial-core.md
Resource links resolve relative to that repository file.
Shared tools: docs/planning/mvp/EXECUTION_GUIDE.md

- **Type:** Task
- **Priority:** P0
- **Status:** Backlog
- **Depends on:** SELLO-010, SELLO-005, SELLO-004
- **Gate:** G2

### Outcome
Establish the minimum durable MVP model and migration safety rather than inheriting legacy entities.

### Deliverables
Exported Room v1 schema for profile/financial zone/generation/revision, categories,
monthly limits, expenses/income, operation receipts and actual recovery/compensation
metadata as required. Stable IDs/logical ordering, strict mappers, foreign keys,
unique operation identities, indexes, bounded queries and DB construction/composition.

### Acceptance criteria
- No recurrence, goals, investments, widgets or capture tables. Preferences that
  are nonfinancial remain outside Room; financial configuration stays inside it.
- Unknown stored kind/currency/date is an integrity failure, not a default or empty list.
- Recovery metadata can survive reset/restore financial replacement; generation
  and revision initialize atomically. Destructive fallback is prohibited.
- First-use/upgrade startup is deterministic and keeps financial zone persistent.
- Disable unapproved OS/cloud backup and device transfer before storing the first
  user financial data; SELLO-032 later verifies/hardens that boundary, not first disables it.

### Tests
Real-Room create/reopen, uniqueness, reference and strict-mapper tests; exported
schema validation and initial migration harness. Test malformed persisted rows and
DB initialization races. Run G2 with device evidence, not mocked DAO assertions.

### Working checkpoint
Real DB opens/reopens in the app; the existing UI still launches without seeded
financial records or fake reads. Future schema changes add tested migrations.

### Context and starting points
Room is financial authority, including revisions/recovery, not just CRUD storage.
Inputs are SELLO-005 clocks and SELLO-010 types. Read architecture §5,
[Room/migration sources](../EXECUTION_GUIDE.md#source-library) and accepted D04/D09.
Use `data/local` for schema ownership; app sees it only through composition.

### Implementation plan
1. Draft/implement minimum entity relationships: persistent profile zone/generation/
   revision; stable category ID/name/icon/archive/version; month limits; expense/income
   ID/date/sequence/amount/source or category/version/audit; receipts/control recovery rows.
2. Define foreign keys, operation uniqueness, ordered query indexes and schema checks.
   Use stable wire/storage keys and strict date/currency decoding, not translated enums.
3. Implement one real Room database/open factory and domain mappers, plus bounded
   read/transaction access. Export v1 schema and create migration-test configuration.
4. Initialize profile once atomically using the real financial-zone port. Separate
   rows retained for restore/reset recovery from the financial rows being replaced.
5. Disable unapproved OS backup/transfer before real money storage. Add real-Room
   creation/reopen/constraint/integrity tests and document schema/version ownership.

### Concrete cases and pitfalls
- Foreign category reference or duplicate operation origin must be rejected by storage,
  not merely an in-memory Mutex. Unknown persisted kind/date is integrity failure.
- Receipts must not disappear during the operation they recover. Conversely reset
  cannot retain erased user payloads disguised as recovery metadata.
- Do not invent v0 migrations; initial schema is v1. Adding a field in later tickets
  requires updating/exporting a real schema and testing every supported upgrade.

### Verification recipe
Create `DatabaseIntegrityTest`/`ProfileInitializationTest` in data/androidTest and
run `./gradlew :data:connectedDebugAndroidTest`, followed by G2. Inspect exported
schema, merged backup rules and reopened-file results; mocked DAOs are insufficient.

Shared definition of done and gates:

1. Deliverables are checked in and satisfy every acceptance criterion. Changes
   respect architecture/source-set boundaries and do not activate deferred features.
2. Behavior changes have a meaningful failing test followed by passing evidence;
   pure build/docs tasks instead show negative/configuration/link checks as applicable.
3. Ticket-specific tests and its gate pass on the integrated branch. Record exact
   command/environment, revision, result counts, report paths, and device/API where
   relevant. A skipped gate is an outstanding requirement, not a pass.
   For SELLO-004 onward, use the mandatory runner delivered by 004 and record
   validated `Quality run` evidence before Review/Done; see QUALITY_FLOW.md.
4. Existing completed journeys still work. No successful stubs, inaccessible
   placeholders, destructive migrations, compile failures, or failed read → zero.
5. Applicable catalog examples and sandbox scenarios grow with the change.
   Accessibility, process restoration, financial bounds and error handling are
   checked where the ticket touches them; the final epic does not postpone quality.
6. Reviewer checks code, financial/recovery semantics, release isolation and
   evidence. Update the canonical ticket status/evidence, then regenerate the board.

Add a `### Delivery evidence` section to completed tickets with requirement mapping,
red/green commands, integration/device results, review and unresolved issues.
Do not rewrite acceptance after execution just to make a ticket pass.

Use these required evidence fields (no placeholder values): `Revision`,
`Requirement mapping`, `Red / Green`, `Gate results`, `Device / Artifact`, and
`Review`, each written as `- **Field:** evidence`. State why a red test/device gate
is inapplicable for a pure documentation task; do not waive a required G2/G3 test.
SELLO-004 and later additionally require `Quality run` before Review as well as
Done; bootstrap tickets 001–003 are exempt from that field.

## Gate profiles

Use the agreed JDK/SDK environment from SELLO-002; the inspected local baseline is:

```bash
export ANDROID_HOME=/home/okabe94/Android/Sdk
export JAVA_HOME=/opt/android-studio/jbr
export PATH=""$JAVA_HOME/bin:$PATH""
```

- **G0 — scaffold:** `./gradlew testDebugUnitTest lintDebug assembleDebug assembleRelease --continue`.
  Used until module bootstrap lands; unsigned release assembly is not publishing.
- **G1 — integrated host:** after SELLO-003, run the commands below plus the
  architecture/format/static checks introduced by SELLO-004. CI must keep one
  documented aggregate gate synchronized with actual Gradle task names.

```bash
./gradlew :domain:test :data:testDebugUnitTest :design-system:testDebugUnitTest \
  :app:testDebugUnitTest :catalog:testDebugUnitTest lintDebug \
  :app:assembleDebug :app:assembleRelease :catalog:assembleDebug --continue
```

- **G2 — affected device boundaries:** G1 plus appropriate real-Room/Compose tests
  on a pinned emulator/device. Use `:data:connectedDebugAndroidTest`,
  `:design-system:connectedDebugAndroidTest`, `:app:connectedDebugAndroidTest`,
  and `:catalog:connectedDebugAndroidTest` as applicable. Assemble test APKs if no
  device is available, but do **not** mark device acceptance complete.
- **G3 — release:** G2 across agreed API/window/font configurations, optimized
  production composition/artifact inspection, performance evidence, and signed
  release installation/backup smoke. MVP delivers a private APK, not a store/AAB upload.
  Separate ephemeral CI signing from the customer-distribution signing identity.

Focused tests run first; the gate is the final integrated checkpoint. Documentation
names expected new test behavior, not pretend pre-existing test classes.

",1003,Highest,Backlog,sello-011
12,Story,SELLO-012 — Save expenses with atomic receipts and uncertain-outcome recovery,"Local ID: SELLO-012
Epic: SELLO-E03
Increment: MVP
Repository source: docs/planning/mvp/epics/E03-financial-core.md
Resource links resolve relative to that repository file.
Shared tools: docs/planning/mvp/EXECUTION_GUIDE.md

- **Type:** Story
- **Priority:** P0
- **Status:** Backlog
- **Depends on:** SELLO-011, SELLO-004
- **Gate:** G2

### Outcome
A recorded expense has a truthful, recoverable outcome even under double submit or cancellation.

### Deliverables
Narrow create-expense command/workflow port and Room implementation with operation
ID, input identity, data generation, transactional validation/write/receipt, typed
Rejected/Committed/OutcomeUnknown handling and receipt lookup. Establish the reusable
protocol, not a generic universal financial repository.

### Acceptance criteria
- Identical ID/input creates one expense and returns its original receipt; changed
  input under that ID conflicts. Stale generation and missing/archived category reject.
- A failed transaction leaves both financial row and receipt absent. Post-commit
  observer/platform failure cannot become “expense not saved”.
- Cancellation propagates; callers can recover a committed result using the same
  ID without blind resubmission. Receipt timestamps use audit time, not sandbox time.
- No network, file, DataStore or notification work occurs inside the transaction.

### Tests
Real-Room concurrent duplicate submit, same-ID conflicting input, rollback/fault
injection, reopen/receipt lookup and cancellation-around-commit tests; G2.

### Working checkpoint
Tests can record/read an expense through the real workflow after creating validated
test categories; app/catalog still launch. Production UI is connected in SELLO-017.

### Context and starting points
The legacy failure was “saved money reported failed” after follow-up work. Use the
real schema from SELLO-011 and [recovery cases](../DECISION_INPUTS.md#recovery-cases-to-turn-into-tests).
Architecture §5 defines the command outcomes; no form UI belongs to this ticket.

### Implementation plan
1. Define an expense-specific command with operation ID, generation, category ID,
   amount/date/note and creation intent; expose receipt lookup separately from submission.
2. In one Room transaction, reject stale generation/reference/invalid input, resolve
   identical/conflicting operation replay, validate required representable totals, insert
   expense, increment revision and insert the durable receipt with real audit time.
3. Encode canonical command identity consistently so replay compares meaningful input,
   not a mutable UI label or unstable serialized object. Document conflict reasons.
4. Distinguish rollback-established rejection from committed receipt and uncertain
   outcome; propagate cancellation. Follow-up observers never sit inside commit error handling.
5. Build contract tests against real Room with synchronized concurrent submits and
   before/after-commit cancellation points. Preserve IDs/results through DB reopen.

### Concrete cases and pitfalls
- Submit op A twice with identical amount 10,000: one expense/revision/receipt.
  Reuse A with 12,000: conflict and original row unchanged.
- A category deleted/archived after form selection must reject inside the transaction.
- A caller canceled after commit receives cancellation, but later receipt lookup
  proves save; do not “undo” money or silently create op B. A real constraint failure
  must leave both row and receipt absent.

### Verification recipe
Create `ExpenseCommandContractTest` in data/androidTest; use its instrumented class
selector from the guide, then data connected suite and G2. Record row/receipt/revision
assertions independently, including actual rollback and reopen—not only returned results.

Shared definition of done and gates:

1. Deliverables are checked in and satisfy every acceptance criterion. Changes
   respect architecture/source-set boundaries and do not activate deferred features.
2. Behavior changes have a meaningful failing test followed by passing evidence;
   pure build/docs tasks instead show negative/configuration/link checks as applicable.
3. Ticket-specific tests and its gate pass on the integrated branch. Record exact
   command/environment, revision, result counts, report paths, and device/API where
   relevant. A skipped gate is an outstanding requirement, not a pass.
   For SELLO-004 onward, use the mandatory runner delivered by 004 and record
   validated `Quality run` evidence before Review/Done; see QUALITY_FLOW.md.
4. Existing completed journeys still work. No successful stubs, inaccessible
   placeholders, destructive migrations, compile failures, or failed read → zero.
5. Applicable catalog examples and sandbox scenarios grow with the change.
   Accessibility, process restoration, financial bounds and error handling are
   checked where the ticket touches them; the final epic does not postpone quality.
6. Reviewer checks code, financial/recovery semantics, release isolation and
   evidence. Update the canonical ticket status/evidence, then regenerate the board.

Add a `### Delivery evidence` section to completed tickets with requirement mapping,
red/green commands, integration/device results, review and unresolved issues.
Do not rewrite acceptance after execution just to make a ticket pass.

Use these required evidence fields (no placeholder values): `Revision`,
`Requirement mapping`, `Red / Green`, `Gate results`, `Device / Artifact`, and
`Review`, each written as `- **Field:** evidence`. State why a red test/device gate
is inapplicable for a pure documentation task; do not waive a required G2/G3 test.
SELLO-004 and later additionally require `Quality run` before Review as well as
Done; bootstrap tickets 001–003 are exempt from that field.

## Gate profiles

Use the agreed JDK/SDK environment from SELLO-002; the inspected local baseline is:

```bash
export ANDROID_HOME=/home/okabe94/Android/Sdk
export JAVA_HOME=/opt/android-studio/jbr
export PATH=""$JAVA_HOME/bin:$PATH""
```

- **G0 — scaffold:** `./gradlew testDebugUnitTest lintDebug assembleDebug assembleRelease --continue`.
  Used until module bootstrap lands; unsigned release assembly is not publishing.
- **G1 — integrated host:** after SELLO-003, run the commands below plus the
  architecture/format/static checks introduced by SELLO-004. CI must keep one
  documented aggregate gate synchronized with actual Gradle task names.

```bash
./gradlew :domain:test :data:testDebugUnitTest :design-system:testDebugUnitTest \
  :app:testDebugUnitTest :catalog:testDebugUnitTest lintDebug \
  :app:assembleDebug :app:assembleRelease :catalog:assembleDebug --continue
```

- **G2 — affected device boundaries:** G1 plus appropriate real-Room/Compose tests
  on a pinned emulator/device. Use `:data:connectedDebugAndroidTest`,
  `:design-system:connectedDebugAndroidTest`, `:app:connectedDebugAndroidTest`,
  and `:catalog:connectedDebugAndroidTest` as applicable. Assemble test APKs if no
  device is available, but do **not** mark device acceptance complete.
- **G3 — release:** G2 across agreed API/window/font configurations, optimized
  production composition/artifact inspection, performance evidence, and signed
  release installation/backup smoke. MVP delivers a private APK, not a store/AAB upload.
  Separate ephemeral CI signing from the customer-distribution signing identity.

Focused tests run first; the gate is the final integrated checkpoint. Documentation
names expected new test behavior, not pretend pre-existing test classes.

",1003,Highest,Backlog,sello-012
13,Story,SELLO-013 — Implement category commands and historical monthly budget storage,"Local ID: SELLO-013
Epic: SELLO-E03
Increment: MVP
Repository source: docs/planning/mvp/epics/E03-financial-core.md
Resource links resolve relative to that repository file.
Shared tools: docs/planning/mvp/EXECUTION_GUIDE.md

- **Type:** Story
- **Priority:** P0
- **Status:** Backlog
- **Depends on:** SELLO-011, SELLO-012, SELLO-004
- **Gate:** G2

### Outcome
Categories and period limits can evolve without silently changing past financial meaning.

### Deliverables
Typed category create/rename/icon/archive and monthly-limit commands using the
receipt/version/generation protocol; current-month initialization/rollover policy
from SELLO-001, archived-category query rules and atomic readable budget history.

### Acceptance criteria
- Identity survives rename; archival prevents new expenses without deleting history.
  No category color column or translated name used as ID.
- A limit change targets its explicit month; current/future defaults never rewrite
  previous periods. Unlimited versus zero limit is defined, not conflated.
- Historical months resolve defaults effective then, including unopened/skipped months;
  explicit monthly overrides win. Snapshot creation is idempotent/atomic and independent
  of app-open timing; no backward extrapolation before known configuration.
- Approved D07 archives preserve the current monthly limit, exclude automatic budgets
  in following archived months and retain rows in periods with saved limits/expenses.
  Same-month unarchive preserves its limit; later unarchive preserves any explicit
  period override, otherwise uses the last configured default. Rename keeps identity.
- Stale versions/missing rows report conflicts; failed edits do not partially
  mutate budgets or revision. First category creation needs no sample data.

### Tests
Real-Room command races/rollback/missing rows, rename/archive retention, multiple
month rollover, unlimited/zero limits and prior-month stability. Run G2.
Cover approved H03/H04: October default 100,000, unopened November, December default
120,000 → November limit 100,000; backdated November expense 10,000 → remaining
90,000. Reopen/repeated materialization preserves that history and explicit overrides.
Cover AR01–AR06 archive/unarchive/history/override cases on real Room, including
zero-expense saved-budget visibility and no retrospective budget after restoration.

### Working checkpoint
Real category/budget workflows are callable and observed through domain ports;
first-run UI can be implemented without bypassing validated writes.

### Context and starting points
Renaming or changing today's budget must not redefine past spending. Use operation
protocol from SELLO-012, actual schema from SELLO-011 and accepted D04/D05/D07.
Read architecture §§4/5; user workflows consume these ports in SELLO-016/020.

### Implementation plan
1. Define narrow create/edit/archive/limit commands with explicit category ID/month,
   expected version, operation ID and generation. Category color is not a new field.
2. Persist name/icon separately from identity; apply archive/new-entry eligibility
   rules and reject malformed/missing/version-conflicting updates transactionally.
3. Implement accepted month-limit creation/carry-forward/skipped-period behavior,
   preserving historical facts and distinguishing unlimited from numeric zero.
4. Atomically update revision/receipt for category and related limit changes. Return
   domain values/read ports suitable for entry chips and historical detail.
5. Document the port contract and tests so UI cannot implement its own shortcut
   budget writes or silently cascade archived expenses.

### Concrete cases and pitfalls
- Rename category ID C: original expenses still reference C. Archive C: old September
  totals remain; new October expense in C rejects.
- H01 remains exact after October edit. An absent historical limit is not license
  to substitute the current limit; D04 decides the missing-period presentation.
- Repeating an archive operation must follow its receipt protocol; an unrelated
  stale editor is a conflict, not an idempotent success.
- Retain dated financial facts and per-month configured limits needed by MVP;
  future signed carryover must not require reconstructing history from today's
  default. ADR 0002 records that direction, not permission for carryover schema now.

### Verification recipe
Create/run `CategoryCommandContractTest` and `MonthlyBudgetHistoryTest` on real Room,
plus pure budget-policy tests and G2. Test current/past month commands, concurrent
edit/archive and rollback with exact retained IDs/amounts.

Shared definition of done and gates:

1. Deliverables are checked in and satisfy every acceptance criterion. Changes
   respect architecture/source-set boundaries and do not activate deferred features.
2. Behavior changes have a meaningful failing test followed by passing evidence;
   pure build/docs tasks instead show negative/configuration/link checks as applicable.
3. Ticket-specific tests and its gate pass on the integrated branch. Record exact
   command/environment, revision, result counts, report paths, and device/API where
   relevant. A skipped gate is an outstanding requirement, not a pass.
   For SELLO-004 onward, use the mandatory runner delivered by 004 and record
   validated `Quality run` evidence before Review/Done; see QUALITY_FLOW.md.
4. Existing completed journeys still work. No successful stubs, inaccessible
   placeholders, destructive migrations, compile failures, or failed read → zero.
5. Applicable catalog examples and sandbox scenarios grow with the change.
   Accessibility, process restoration, financial bounds and error handling are
   checked where the ticket touches them; the final epic does not postpone quality.
6. Reviewer checks code, financial/recovery semantics, release isolation and
   evidence. Update the canonical ticket status/evidence, then regenerate the board.

Add a `### Delivery evidence` section to completed tickets with requirement mapping,
red/green commands, integration/device results, review and unresolved issues.
Do not rewrite acceptance after execution just to make a ticket pass.

Use these required evidence fields (no placeholder values): `Revision`,
`Requirement mapping`, `Red / Green`, `Gate results`, `Device / Artifact`, and
`Review`, each written as `- **Field:** evidence`. State why a red test/device gate
is inapplicable for a pure documentation task; do not waive a required G2/G3 test.
SELLO-004 and later additionally require `Quality run` before Review as well as
Done; bootstrap tickets 001–003 are exempt from that field.

## Gate profiles

Use the agreed JDK/SDK environment from SELLO-002; the inspected local baseline is:

```bash
export ANDROID_HOME=/home/okabe94/Android/Sdk
export JAVA_HOME=/opt/android-studio/jbr
export PATH=""$JAVA_HOME/bin:$PATH""
```

- **G0 — scaffold:** `./gradlew testDebugUnitTest lintDebug assembleDebug assembleRelease --continue`.
  Used until module bootstrap lands; unsigned release assembly is not publishing.
- **G1 — integrated host:** after SELLO-003, run the commands below plus the
  architecture/format/static checks introduced by SELLO-004. CI must keep one
  documented aggregate gate synchronized with actual Gradle task names.

```bash
./gradlew :domain:test :data:testDebugUnitTest :design-system:testDebugUnitTest \
  :app:testDebugUnitTest :catalog:testDebugUnitTest lintDebug \
  :app:assembleDebug :app:assembleRelease :catalog:assembleDebug --continue
```

- **G2 — affected device boundaries:** G1 plus appropriate real-Room/Compose tests
  on a pinned emulator/device. Use `:data:connectedDebugAndroidTest`,
  `:design-system:connectedDebugAndroidTest`, `:app:connectedDebugAndroidTest`,
  and `:catalog:connectedDebugAndroidTest` as applicable. Assemble test APKs if no
  device is available, but do **not** mark device acceptance complete.
- **G3 — release:** G2 across agreed API/window/font configurations, optimized
  production composition/artifact inspection, performance evidence, and signed
  release installation/backup smoke. MVP delivers a private APK, not a store/AAB upload.
  Separate ephemeral CI signing from the customer-distribution signing identity.

Focused tests run first; the gate is the final integrated checkpoint. Documentation
names expected new test behavior, not pretend pre-existing test classes.

",1003,Highest,Backlog,sello-013
14,Story,SELLO-014 — Calculate consistent Recibo and Resumen budget snapshots,"Local ID: SELLO-014
Epic: SELLO-E03
Increment: MVP
Repository source: docs/planning/mvp/epics/E03-financial-core.md
Resource links resolve relative to that repository file.
Shared tools: docs/planning/mvp/EXECUTION_GUIDE.md

- **Type:** Story
- **Priority:** P0
- **Status:** Backlog
- **Depends on:** SELLO-001, SELLO-012, SELLO-013, SELLO-004
- **Gate:** G2

### Outcome
Define shared actuals/projections once so slips, details and charts cannot disagree.

### Deliverables
Snapshot read port at one revision/as-of/zone, exact category/month aggregates,
remaining/allowance/projected spending/verdict policies and explicit read states.
Provide approved cutoffs/rounding from SELLO-001; MVP recurringDue is zero because
recurrence is absent, not because a failed schedule read is discarded.

### Acceptance criteria
- Unlimited spending still affects totals; no limits yields Sin límite. Past months
  use historical limits/actuals and omit allowance. Today counts as an available day.
- Actual over-limit always wins; projected ≤95%, >95–100%, and >100% boundaries
  match examples. Exact source amounts remain available to chart render models.
- Read failures retain explicit failed/last-good states, not financial zero.
  Future entries are excluded; concurrent writes cannot produce mixed snapshots.

### Tests
Worked-example domain tests for first/last day, short months, 95/100% edges,
negative remaining, no limits, large sums; real-Room snapshot consistency/read faults.

### Working checkpoint
Consumer ports provide truthful current/historical totals to the coming slice.
G2 passes; no screen duplicates financial formulas.

### Context and starting points
Home/detail/summary need one shared policy, not separately combined DAO flows.
Inputs are actual command/schema contracts, approved D03/D04 and the independent
examples. Read [snapshot checklist](../EXECUTION_GUIDE.md#contract-and-failure-checklist)
and architecture §4; forecasts cannot be copied from reference drawings.

### Implementation plan
1. Define a monthly snapshot carrying generation/revision/as-of/zone, exact category
   actuals/limits and totals, plus explicit loading/failed/last-good read semantics.
2. Read related financial rows at one consistent Room revision; perform exact bounded
   aggregation off main. Recompute on real/injected date changes and committed revisions.
3. Implement approved remaining/allowance/pace/projection/verdict policy and past/no-limit
   branches; future rows and recurringDue rules must be explicit, not hidden filters.
4. Return exact numeric/provenance values, not formatted Spanish labels or Float chart
   series. Keep forecast distinct from actuals and mark unavailable totals as failures.
5. Implement tests before screen wiring; publish the read/policy contract for Recibo,
   previews, Resumen and eventual alerts without constructing those later adapters.

### Concrete cases and pitfalls
- B01–B04/V01–V04/H01 must pass. A negative remaining allowance is zero with loss
  semantics; no-budget is not a numeric-zero budget. On Oct 31 allowance includes today.
- Approved D03 rounds only the displayed daily planning allowance down to COP 50
  multiples: 3,529 → 3,500; 3,564 → 3,550. Cover A01–A08 from the versioned corpus,
  including exact 50/100 boundaries and positive sub-50 allowance without loss ink.
  Preserve transaction/remaining-budget precision and exact forecast verdict comparisons.
- Concurrent expense and limit edit cannot show old budget with new spend in one
  snapshot. Last-good data from another month/date must be labeled with its source.
- Unrepresentable report totals fail explicitly; SQL SUM promotion or Float conversion
  cannot rescue them by inventing a different amount.
- Keep configured limit, recorded spending and derived allowance distinct in the
  domain snapshot. Future signed carryover has a separate base/carry/capacity meaning
  (ADR 0002); do not hard-code discarded history or add dormant carryover modes.

### Verification recipe
Create/run `./gradlew :domain:test --tests '*MonthlyBudgetPolicyTest'` and real-Room
`MonthlySnapshotConsistencyTest`, then G2. Include approved day-cutoff/rational-rounding
examples, first/subsequent read faults and observable clock-triggered recomputation.

Shared definition of done and gates:

1. Deliverables are checked in and satisfy every acceptance criterion. Changes
   respect architecture/source-set boundaries and do not activate deferred features.
2. Behavior changes have a meaningful failing test followed by passing evidence;
   pure build/docs tasks instead show negative/configuration/link checks as applicable.
3. Ticket-specific tests and its gate pass on the integrated branch. Record exact
   command/environment, revision, result counts, report paths, and device/API where
   relevant. A skipped gate is an outstanding requirement, not a pass.
   For SELLO-004 onward, use the mandatory runner delivered by 004 and record
   validated `Quality run` evidence before Review/Done; see QUALITY_FLOW.md.
4. Existing completed journeys still work. No successful stubs, inaccessible
   placeholders, destructive migrations, compile failures, or failed read → zero.
5. Applicable catalog examples and sandbox scenarios grow with the change.
   Accessibility, process restoration, financial bounds and error handling are
   checked where the ticket touches them; the final epic does not postpone quality.
6. Reviewer checks code, financial/recovery semantics, release isolation and
   evidence. Update the canonical ticket status/evidence, then regenerate the board.

Add a `### Delivery evidence` section to completed tickets with requirement mapping,
red/green commands, integration/device results, review and unresolved issues.
Do not rewrite acceptance after execution just to make a ticket pass.

Use these required evidence fields (no placeholder values): `Revision`,
`Requirement mapping`, `Red / Green`, `Gate results`, `Device / Artifact`, and
`Review`, each written as `- **Field:** evidence`. State why a red test/device gate
is inapplicable for a pure documentation task; do not waive a required G2/G3 test.
SELLO-004 and later additionally require `Quality run` before Review as well as
Done; bootstrap tickets 001–003 are exempt from that field.

## Gate profiles

Use the agreed JDK/SDK environment from SELLO-002; the inspected local baseline is:

```bash
export ANDROID_HOME=/home/okabe94/Android/Sdk
export JAVA_HOME=/opt/android-studio/jbr
export PATH=""$JAVA_HOME/bin:$PATH""
```

- **G0 — scaffold:** `./gradlew testDebugUnitTest lintDebug assembleDebug assembleRelease --continue`.
  Used until module bootstrap lands; unsigned release assembly is not publishing.
- **G1 — integrated host:** after SELLO-003, run the commands below plus the
  architecture/format/static checks introduced by SELLO-004. CI must keep one
  documented aggregate gate synchronized with actual Gradle task names.

```bash
./gradlew :domain:test :data:testDebugUnitTest :design-system:testDebugUnitTest \
  :app:testDebugUnitTest :catalog:testDebugUnitTest lintDebug \
  :app:assembleDebug :app:assembleRelease :catalog:assembleDebug --continue
```

- **G2 — affected device boundaries:** G1 plus appropriate real-Room/Compose tests
  on a pinned emulator/device. Use `:data:connectedDebugAndroidTest`,
  `:design-system:connectedDebugAndroidTest`, `:app:connectedDebugAndroidTest`,
  and `:catalog:connectedDebugAndroidTest` as applicable. Assemble test APKs if no
  device is available, but do **not** mark device acceptance complete.
- **G3 — release:** G2 across agreed API/window/font configurations, optimized
  production composition/artifact inspection, performance evidence, and signed
  release installation/backup smoke. MVP delivers a private APK, not a store/AAB upload.
  Separate ephemeral CI signing from the customer-distribution signing identity.

Focused tests run first; the gate is the final integrated checkpoint. Documentation
names expected new test behavior, not pretend pre-existing test classes.

",1003,Highest,Backlog,sello-014
1004,Epic,SELLO-E04 — First complete financial walking slice,"Local ID: SELLO-E04
Increment: MVP
Goal: Turn the greeting into a usable category → expense → receipt → Recibo journey.
Exit: Users can start empty, create a category, save an expense once, and see truthful persisted budget/detail data after restart.",,Highest,Backlog,sello-e04
15,Story,"SELLO-015 — Introduce the app shell, month session and restored navigation","Local ID: SELLO-015
Epic: SELLO-E04
Increment: MVP
Repository source: docs/planning/mvp/epics/E04-first-slice.md
Resource links resolve relative to that repository file.
Shared tools: docs/planning/mvp/EXECUTION_GUIDE.md

- **Type:** Story
- **Priority:** P0
- **Status:** Backlog
- **Depends on:** SELLO-005, SELLO-006, SELLO-009, SELLO-004
- **Gate:** G2

### Outcome
Create stable navigation/month ownership before screens introduce divergent session state.

### Deliverables
Typed routes, SelloScaffold and lifecycle-aware Roots; one shared month session,
validated draft/deep-link entry plumbing, adaptive panels/insets and back policy.
Prepare tab restoration; only Recibo is exposed until real Resumen lands.

### Acceptance criteria
- No Patrimonio, widget, recurrence or disabled Resumen destination. Back closes
  a sheet/detail before returning to Recibo/exit; completed tabs later preserve stacks.
- Month cannot exceed current month. More than 30 minutes background resets month,
  not drafts; financial clock and monotonic inactivity timer have distinct ownership.
- Deep links only validate/prefill; they never create money. Unknown category stays
  unselected. Keyboard hides dock/tab bar and does not cover focused content.

### Tests
Root/session tests for time boundaries, process restoration and malicious/invalid
deep links; device back/insets/keyboard tests across compact and expanded windows.

### Working checkpoint
App launches an honest first-run Recibo scaffold with no fake financial success.
Catalog remains independently usable; G2 passes.

### Context and starting points
Navigation and month state otherwise become scattered per-screen globals. Use the
clock ownership from SELLO-005 and adaptive primitives from SELLO-009. Read
[global structure](../../../design/sello-spec.html#navigation), architecture §6 and
[restoration procedure](../EXECUTION_GUIDE.md#device-and-process-restoration).

### Implementation plan
1. Define app-owned typed destination IDs/session state, initial Recibo scaffold and
   Root boundary for navigation/events; rendering receives immutable state/actions.
2. Implement one month selection shared by consumers, validated against the financial
   date; save small selection/draft IDs in SavedStateHandle rather than whole records.
3. Define back/reselection/detail/sheet behavior and retained future tab stacks; expose
   only implemented Recibo now. Wire actual Resumen tab when SELLO-022 passes.
4. Use monotonic background inactivity to reset month after >30 minutes; financial
   clock changes update the current-month bound without silently clearing drafts.
5. Add validated deep-link parsing and responsive/inset/keyboard handling. A prefilled
   entry request waits for the implemented form; it never writes or fakes a receipt.

### Concrete cases and pitfalls
- At exactly 30 minutes selection remains; over 30 it resets without clearing typed
  amount. Advancing sandbox financial time must not simulate background inactivity.
- Back closes expanded side sheet, then detail selection, then returns tab root/Recibo.
- Unknown/malicious category/amount in a link stays invalid/unselected. Never pass
  a financial object or success result in a route as a substitute for repository lookup.

### Verification recipe
Create/run `*MonthSessionTest`, `*NavigationStateTest`, `*DeepLinkDraftTest`; run app
connected Root/back/keyboard tests and G2. Follow the guide for eligible process death,
not just rotation, and record compact/landscape/expanded behavior.

Shared definition of done and gates:

1. Deliverables are checked in and satisfy every acceptance criterion. Changes
   respect architecture/source-set boundaries and do not activate deferred features.
2. Behavior changes have a meaningful failing test followed by passing evidence;
   pure build/docs tasks instead show negative/configuration/link checks as applicable.
3. Ticket-specific tests and its gate pass on the integrated branch. Record exact
   command/environment, revision, result counts, report paths, and device/API where
   relevant. A skipped gate is an outstanding requirement, not a pass.
   For SELLO-004 onward, use the mandatory runner delivered by 004 and record
   validated `Quality run` evidence before Review/Done; see QUALITY_FLOW.md.
4. Existing completed journeys still work. No successful stubs, inaccessible
   placeholders, destructive migrations, compile failures, or failed read → zero.
5. Applicable catalog examples and sandbox scenarios grow with the change.
   Accessibility, process restoration, financial bounds and error handling are
   checked where the ticket touches them; the final epic does not postpone quality.
6. Reviewer checks code, financial/recovery semantics, release isolation and
   evidence. Update the canonical ticket status/evidence, then regenerate the board.

Add a `### Delivery evidence` section to completed tickets with requirement mapping,
red/green commands, integration/device results, review and unresolved issues.
Do not rewrite acceptance after execution just to make a ticket pass.

Use these required evidence fields (no placeholder values): `Revision`,
`Requirement mapping`, `Red / Green`, `Gate results`, `Device / Artifact`, and
`Review`, each written as `- **Field:** evidence`. State why a red test/device gate
is inapplicable for a pure documentation task; do not waive a required G2/G3 test.
SELLO-004 and later additionally require `Quality run` before Review as well as
Done; bootstrap tickets 001–003 are exempt from that field.

## Gate profiles

Use the agreed JDK/SDK environment from SELLO-002; the inspected local baseline is:

```bash
export ANDROID_HOME=/home/okabe94/Android/Sdk
export JAVA_HOME=/opt/android-studio/jbr
export PATH=""$JAVA_HOME/bin:$PATH""
```

- **G0 — scaffold:** `./gradlew testDebugUnitTest lintDebug assembleDebug assembleRelease --continue`.
  Used until module bootstrap lands; unsigned release assembly is not publishing.
- **G1 — integrated host:** after SELLO-003, run the commands below plus the
  architecture/format/static checks introduced by SELLO-004. CI must keep one
  documented aggregate gate synchronized with actual Gradle task names.

```bash
./gradlew :domain:test :data:testDebugUnitTest :design-system:testDebugUnitTest \
  :app:testDebugUnitTest :catalog:testDebugUnitTest lintDebug \
  :app:assembleDebug :app:assembleRelease :catalog:assembleDebug --continue
```

- **G2 — affected device boundaries:** G1 plus appropriate real-Room/Compose tests
  on a pinned emulator/device. Use `:data:connectedDebugAndroidTest`,
  `:design-system:connectedDebugAndroidTest`, `:app:connectedDebugAndroidTest`,
  and `:catalog:connectedDebugAndroidTest` as applicable. Assemble test APKs if no
  device is available, but do **not** mark device acceptance complete.
- **G3 — release:** G2 across agreed API/window/font configurations, optimized
  production composition/artifact inspection, performance evidence, and signed
  release installation/backup smoke. MVP delivers a private APK, not a store/AAB upload.
  Separate ephemeral CI signing from the customer-distribution signing identity.

Focused tests run first; the gate is the final integrated checkpoint. Documentation
names expected new test behavior, not pretend pre-existing test classes.

",1004,Highest,Backlog,sello-015
16,Story,SELLO-016 — Deliver first-run category creation and amount-entry prerequisites,"Local ID: SELLO-016
Epic: SELLO-E04
Increment: MVP
Repository source: docs/planning/mvp/epics/E04-first-slice.md
Resource links resolve relative to that repository file.
Shared tools: docs/planning/mvp/EXECUTION_GUIDE.md

- **Type:** Story
- **Priority:** P0
- **Status:** Backlog
- **Depends on:** SELLO-013, SELLO-015, SELLO-008, SELLO-004
- **Gate:** G2

### Outcome
A new user can create the first real category and optional monthly budget without fixtures.

### Deliverables
Category editor State/Action/Event/ViewModel/Root/Screen, name/icon/limit fields,
validated command submission and restored draft/operation ID. First-run Recibo
offers create category; backup action is exposed only after its real workflow exists.

### Acceptance criteria
- Anotar without an eligible category directs to the editor and explains the
  prerequisite. Save commits a real category/current-month limit and returns it selected.
- Invalid/duplicate submission is handled explicitly; archived identities cannot
  reappear as new eligible categories. Empty financial state is not an error fallback.
- Draft survives rotation/process reconstruction; creation stamp requires receipt.

### Tests
ViewModel action/draft/busy/receipt tests; real command/UI creation, invalid name/limit,
double submit and restart retention. Add editor-related component states to catalog.

### Working checkpoint
Fresh install can create/read its first category without test tools. G2 passes and
the next entry screen can use real category IDs.

### Context and starting points
The first category is a real prerequisite for expenses; seed data must not hide an
unusable fresh install. Use category/limit ports from SELLO-013 and controls from
SELLO-008. Read [category editor](../../../design/sello-spec.html#s-catform) and
approved D04/D05; use those accepted rules for field bounds and month limits.

### Implementation plan
1. Add category feature State/Action/Event/ViewModel/Root/Screen and raw name/icon/
   optional-limit draft with required/error/busy states. Use approved lengths/keys.
2. Load eligible category state and implement first-run call-to-action; if none exist,
   the expense dock opens creation with a prerequisite explanation, not an empty form.
3. Submit create command with one preserved operation ID and generation. On uncertain
   outcome recover receipt; show creation state only after confirmed commit.
4. Return created category ID to the caller/selected context using the navigation
   contract, not a mutable category object or invented successful local row.
5. Save drafts across recreation and render commit/reference errors with retry; add
   any genuinely new shared control states to catalog rather than copying editor UI.

### Concrete cases and pitfalls
- Empty name/missing icon/invalid limit cannot create a row. Unlimited budget choice
  follows D04; empty text must not become zero without an explicit user selection.
- Double tap or process restart during save produces one category/period limit.
- Backup-import CTA is absent until SELLO-030 exists; a dead link is not onboarding.

### Verification recipe
Create/run `*CategoryEditorViewModelTest` and device `FirstCategoryJourneyTest`; G2.
On an empty **debug** profile create a category, restart, and verify its actual ID,
limit and selected state. Include raw-input/error and restored-operation assertions.

Shared definition of done and gates:

1. Deliverables are checked in and satisfy every acceptance criterion. Changes
   respect architecture/source-set boundaries and do not activate deferred features.
2. Behavior changes have a meaningful failing test followed by passing evidence;
   pure build/docs tasks instead show negative/configuration/link checks as applicable.
3. Ticket-specific tests and its gate pass on the integrated branch. Record exact
   command/environment, revision, result counts, report paths, and device/API where
   relevant. A skipped gate is an outstanding requirement, not a pass.
   For SELLO-004 onward, use the mandatory runner delivered by 004 and record
   validated `Quality run` evidence before Review/Done; see QUALITY_FLOW.md.
4. Existing completed journeys still work. No successful stubs, inaccessible
   placeholders, destructive migrations, compile failures, or failed read → zero.
5. Applicable catalog examples and sandbox scenarios grow with the change.
   Accessibility, process restoration, financial bounds and error handling are
   checked where the ticket touches them; the final epic does not postpone quality.
6. Reviewer checks code, financial/recovery semantics, release isolation and
   evidence. Update the canonical ticket status/evidence, then regenerate the board.

Add a `### Delivery evidence` section to completed tickets with requirement mapping,
red/green commands, integration/device results, review and unresolved issues.
Do not rewrite acceptance after execution just to make a ticket pass.

Use these required evidence fields (no placeholder values): `Revision`,
`Requirement mapping`, `Red / Green`, `Gate results`, `Device / Artifact`, and
`Review`, each written as `- **Field:** evidence`. State why a red test/device gate
is inapplicable for a pure documentation task; do not waive a required G2/G3 test.
SELLO-004 and later additionally require `Quality run` before Review as well as
Done; bootstrap tickets 001–003 are exempt from that field.

## Gate profiles

Use the agreed JDK/SDK environment from SELLO-002; the inspected local baseline is:

```bash
export ANDROID_HOME=/home/okabe94/Android/Sdk
export JAVA_HOME=/opt/android-studio/jbr
export PATH=""$JAVA_HOME/bin:$PATH""
```

- **G0 — scaffold:** `./gradlew testDebugUnitTest lintDebug assembleDebug assembleRelease --continue`.
  Used until module bootstrap lands; unsigned release assembly is not publishing.
- **G1 — integrated host:** after SELLO-003, run the commands below plus the
  architecture/format/static checks introduced by SELLO-004. CI must keep one
  documented aggregate gate synchronized with actual Gradle task names.

```bash
./gradlew :domain:test :data:testDebugUnitTest :design-system:testDebugUnitTest \
  :app:testDebugUnitTest :catalog:testDebugUnitTest lintDebug \
  :app:assembleDebug :app:assembleRelease :catalog:assembleDebug --continue
```

- **G2 — affected device boundaries:** G1 plus appropriate real-Room/Compose tests
  on a pinned emulator/device. Use `:data:connectedDebugAndroidTest`,
  `:design-system:connectedDebugAndroidTest`, `:app:connectedDebugAndroidTest`,
  and `:catalog:connectedDebugAndroidTest` as applicable. Assemble test APKs if no
  device is available, but do **not** mark device acceptance complete.
- **G3 — release:** G2 across agreed API/window/font configurations, optimized
  production composition/artifact inspection, performance evidence, and signed
  release installation/backup smoke. MVP delivers a private APK, not a store/AAB upload.
  Separate ephemeral CI signing from the customer-distribution signing identity.

Focused tests run first; the gate is the final integrated checkpoint. Documentation
names expected new test behavior, not pretend pre-existing test classes.

",1004,Highest,Backlog,sello-016
17,Story,SELLO-017 — Ship Anotar expense and its durable receipt end-to-end,"Local ID: SELLO-017
Epic: SELLO-E04
Increment: MVP
Repository source: docs/planning/mvp/epics/E04-first-slice.md
Resource links resolve relative to that repository file.
Shared tools: docs/planning/mvp/EXECUTION_GUIDE.md

- **Type:** Story
- **Priority:** P0
- **Status:** Backlog
- **Depends on:** SELLO-012, SELLO-014, SELLO-016, SELLO-007, SELLO-008, SELLO-004
- **Gate:** G2

### Outcome
Complete the first money-writing UI path, not an attractive form with a fake save.

### Deliverables
Amount-first Anotar sheet with COP/category/date/note, preview from shared policies,
State/Action/Event/ViewModel/Root/Screen, persisted draft/operation ID, receipt display
and recovery/retry affordances. MVP has no recurrence/batch toggle or dormant routes.

### Acceptance criteria
- Valid confirmation saves exactly one expense and shows Recibido only for its
  confirmed create receipt. Recomposition, navigation and restart never re-save.
- Invalid/future input rejects clearly. Pending submit disables duplicate action;
  unknown outcome recovers using the original ID and preserves draft if rejected.
- Dismiss/rotation/system keyboard follows reference and accessibility contract.
  Success haptics/animation cannot affect whether financial save succeeded.

### Tests
ViewModel submit/cancellation/error/restored-ID tests; real-Room UI duplicate/restart
journeys; exact amount/category/date audit and accessibility assertions. Run G2.

### Working checkpoint
Fresh install → category → Anotar → receipt → persisted expense works on device;
later app startup reads the same record. No developer fixtures are required.

### Context and starting points
This is the first user-visible financial commit; visual save completion is not
financial proof. Inputs are expense command/lookup from SELLO-012, preview policy
SELLO-014, categories from SELLO-016 and controls. Read
[Anotar](../../../design/sello-spec.html#s-anotar), architecture §§5/6 and recovery cases.

### Implementation plan
1. Build expense feature/form/receipt rendering with amount/category/date/note draft;
   default category/date through explicit rules and prefill validated caller context.
2. Derive “after save” preview from the shared snapshot/policy with draft inputs;
   label it as preview, never persist forecast or recompute rules inside the screen.
3. Generate one operation ID per logical submission, save it before invoking the
   command, and make submit/recovery/busy/error states explicit in the ViewModel.
4. On committed result read/display the actual durable receipt and refresh observed
   Recibo; recover unknown/canceled submits by original ID after recreation.
5. Implement dismiss/keyboard/back/accessibility and exact success animation. Do not
   surface recurrence/batch controls or creation celebration for an edit.

### Concrete cases and pitfalls
- Enter 10,000/category C/today, tap twice: one row and receipt. Reopen/recompose
  receipt: no command invocation. Changing draft after rejected submit needs a new logical ID.
- If preview becomes stale while another command commits, final receipt/snapshot
  wins; never announce the preview as saved truth.
- Interrupted save preserves pending identity; UI must not tell the user to blindly
  repeat the same money under a new ID.

### Verification recipe
Create/run `*ExpenseFormViewModelTest` plus `ExpenseEntryJourneyTest` on real Room/UI;
G2. Execute create/repeat-tap/recreate/eligible-process-death/read-back journeys and
compare exact row/category/date/receipt IDs, not just snackbar text.

Shared definition of done and gates:

1. Deliverables are checked in and satisfy every acceptance criterion. Changes
   respect architecture/source-set boundaries and do not activate deferred features.
2. Behavior changes have a meaningful failing test followed by passing evidence;
   pure build/docs tasks instead show negative/configuration/link checks as applicable.
3. Ticket-specific tests and its gate pass on the integrated branch. Record exact
   command/environment, revision, result counts, report paths, and device/API where
   relevant. A skipped gate is an outstanding requirement, not a pass.
   For SELLO-004 onward, use the mandatory runner delivered by 004 and record
   validated `Quality run` evidence before Review/Done; see QUALITY_FLOW.md.
4. Existing completed journeys still work. No successful stubs, inaccessible
   placeholders, destructive migrations, compile failures, or failed read → zero.
5. Applicable catalog examples and sandbox scenarios grow with the change.
   Accessibility, process restoration, financial bounds and error handling are
   checked where the ticket touches them; the final epic does not postpone quality.
6. Reviewer checks code, financial/recovery semantics, release isolation and
   evidence. Update the canonical ticket status/evidence, then regenerate the board.

Add a `### Delivery evidence` section to completed tickets with requirement mapping,
red/green commands, integration/device results, review and unresolved issues.
Do not rewrite acceptance after execution just to make a ticket pass.

Use these required evidence fields (no placeholder values): `Revision`,
`Requirement mapping`, `Red / Green`, `Gate results`, `Device / Artifact`, and
`Review`, each written as `- **Field:** evidence`. State why a red test/device gate
is inapplicable for a pure documentation task; do not waive a required G2/G3 test.
SELLO-004 and later additionally require `Quality run` before Review as well as
Done; bootstrap tickets 001–003 are exempt from that field.

## Gate profiles

Use the agreed JDK/SDK environment from SELLO-002; the inspected local baseline is:

```bash
export ANDROID_HOME=/home/okabe94/Android/Sdk
export JAVA_HOME=/opt/android-studio/jbr
export PATH=""$JAVA_HOME/bin:$PATH""
```

- **G0 — scaffold:** `./gradlew testDebugUnitTest lintDebug assembleDebug assembleRelease --continue`.
  Used until module bootstrap lands; unsigned release assembly is not publishing.
- **G1 — integrated host:** after SELLO-003, run the commands below plus the
  architecture/format/static checks introduced by SELLO-004. CI must keep one
  documented aggregate gate synchronized with actual Gradle task names.

```bash
./gradlew :domain:test :data:testDebugUnitTest :design-system:testDebugUnitTest \
  :app:testDebugUnitTest :catalog:testDebugUnitTest lintDebug \
  :app:assembleDebug :app:assembleRelease :catalog:assembleDebug --continue
```

- **G2 — affected device boundaries:** G1 plus appropriate real-Room/Compose tests
  on a pinned emulator/device. Use `:data:connectedDebugAndroidTest`,
  `:design-system:connectedDebugAndroidTest`, `:app:connectedDebugAndroidTest`,
  and `:catalog:connectedDebugAndroidTest` as applicable. Assemble test APKs if no
  device is available, but do **not** mark device acceptance complete.
- **G3 — release:** G2 across agreed API/window/font configurations, optimized
  production composition/artifact inspection, performance evidence, and signed
  release installation/backup smoke. MVP delivers a private APK, not a store/AAB upload.
  Separate ephemeral CI signing from the customer-distribution signing identity.

Focused tests run first; the gate is the final integrated checkpoint. Documentation
names expected new test behavior, not pretend pre-existing test classes.

",1004,Highest,Backlog,sello-017
18,Story,"SELLO-018 — Deliver Recibo, category detail and expense history","Local ID: SELLO-018
Epic: SELLO-E04
Increment: MVP
Repository source: docs/planning/mvp/epics/E04-first-slice.md
Resource links resolve relative to that repository file.
Shared tools: docs/planning/mvp/EXECUTION_GUIDE.md

- **Type:** Story
- **Priority:** P0
- **Status:** Backlog
- **Depends on:** SELLO-014, SELLO-017, SELLO-009, SELLO-004
- **Gate:** G2

### Outcome
The first slice answers what remains and lets users inspect the source expenses.

### Deliverables
Real Recibo/category-circle grid, current/past month slips, category detail and
bounded expense list using shared snapshots; loading/empty/error/last-good states,
category-scoped Anotar, sort defaults, and adaptive list/detail selection.

### Acceptance criteria
- Saved expense updates total/category at a consistent revision; detail/list amounts
  reconcile to the receipt. No home pace graph, warning card or duplicate rule engine.
- Prior month hides daily allowance and uses its saved budget; unlimited categories
  sort last. All-time/list pagination does not silently truncate totals or date range.
- First/subsequent read failure is visible and retryable, never an empty success.
- Large values/font scales do not clip; category status is not color alone.

### Tests
Snapshot/render-model tests, device save→detail→month→restart journey, injected read
failures, empty versus failed state, expanded layout and exact accessibility amounts.

### Working checkpoint
The complete walking slice works on device and all prior tickets' gates remain green.
Sandbox scenarios can now exercise meaningful real financial state.

### Context and starting points
Users must trace the receipt back to consistent persisted totals and history.
Use SELLO-014 snapshot/failed states and SELLO-017 entry result. Read
[Recibo](../../../design/sello-spec.html#s-recibo), category detail and architecture §6;
MVP detail is budget/actuals/history, not all deferred comparison/record charts.

### Implementation plan
1. Map one snapshot to Recibo totals/verdict/allowance/category cells, keeping exact
   values and original revision/as-of labels. UI formatting cannot calculate finance.
2. Add category detail with spent/limit/remaining and bounded ordered expenses, explicit
   paging/all-record access and category-scoped Anotar prefill.
3. Implement current/past/no-limit/loading/empty/error/last-good branches, selected
   month/detail restoration and adaptive list/detail behavior.
4. Apply approved default ordering (D06), unlimited-last and accessible labels; keep
   unsupported weekly/comparison/export links absent, not successful placeholders.
5. Reconcile new receipt/edit events through repository observation, not imperative
   local subtraction of displayed text. Record example states in previews/catalog as applicable.

### Concrete cases and pitfalls
- B01/H01 produce exact totals across home/detail/list after month change/restart.
- Read fault with previously loaded records shows failed/stale state, never “no expenses”.
  Empty fresh install remains a genuine different state.
- Pagination may limit visible rows, not aggregate totals; no arbitrary 2000–2099
  “all-time” filter or Float source values.

### Verification recipe
Create/run `*ReciboRenderModelTest`, `*CategoryDetailViewModelTest` and the device
WalkingSliceJourneyTest; G2. Save then browse detail/month/history/restart; record
receipt-to-list-to-total reconciliation and a deliberately injected read-failure state.

Shared definition of done and gates:

1. Deliverables are checked in and satisfy every acceptance criterion. Changes
   respect architecture/source-set boundaries and do not activate deferred features.
2. Behavior changes have a meaningful failing test followed by passing evidence;
   pure build/docs tasks instead show negative/configuration/link checks as applicable.
3. Ticket-specific tests and its gate pass on the integrated branch. Record exact
   command/environment, revision, result counts, report paths, and device/API where
   relevant. A skipped gate is an outstanding requirement, not a pass.
   For SELLO-004 onward, use the mandatory runner delivered by 004 and record
   validated `Quality run` evidence before Review/Done; see QUALITY_FLOW.md.
4. Existing completed journeys still work. No successful stubs, inaccessible
   placeholders, destructive migrations, compile failures, or failed read → zero.
5. Applicable catalog examples and sandbox scenarios grow with the change.
   Accessibility, process restoration, financial bounds and error handling are
   checked where the ticket touches them; the final epic does not postpone quality.
6. Reviewer checks code, financial/recovery semantics, release isolation and
   evidence. Update the canonical ticket status/evidence, then regenerate the board.

Add a `### Delivery evidence` section to completed tickets with requirement mapping,
red/green commands, integration/device results, review and unresolved issues.
Do not rewrite acceptance after execution just to make a ticket pass.

Use these required evidence fields (no placeholder values): `Revision`,
`Requirement mapping`, `Red / Green`, `Gate results`, `Device / Artifact`, and
`Review`, each written as `- **Field:** evidence`. State why a red test/device gate
is inapplicable for a pure documentation task; do not waive a required G2/G3 test.
SELLO-004 and later additionally require `Quality run` before Review as well as
Done; bootstrap tickets 001–003 are exempt from that field.

## Gate profiles

Use the agreed JDK/SDK environment from SELLO-002; the inspected local baseline is:

```bash
export ANDROID_HOME=/home/okabe94/Android/Sdk
export JAVA_HOME=/opt/android-studio/jbr
export PATH=""$JAVA_HOME/bin:$PATH""
```

- **G0 — scaffold:** `./gradlew testDebugUnitTest lintDebug assembleDebug assembleRelease --continue`.
  Used until module bootstrap lands; unsigned release assembly is not publishing.
- **G1 — integrated host:** after SELLO-003, run the commands below plus the
  architecture/format/static checks introduced by SELLO-004. CI must keep one
  documented aggregate gate synchronized with actual Gradle task names.

```bash
./gradlew :domain:test :data:testDebugUnitTest :design-system:testDebugUnitTest \
  :app:testDebugUnitTest :catalog:testDebugUnitTest lintDebug \
  :app:assembleDebug :app:assembleRelease :catalog:assembleDebug --continue
```

- **G2 — affected device boundaries:** G1 plus appropriate real-Room/Compose tests
  on a pinned emulator/device. Use `:data:connectedDebugAndroidTest`,
  `:design-system:connectedDebugAndroidTest`, `:app:connectedDebugAndroidTest`,
  and `:catalog:connectedDebugAndroidTest` as applicable. Assemble test APKs if no
  device is available, but do **not** mark device acceptance complete.
- **G3 — release:** G2 across agreed API/window/font configurations, optimized
  production composition/artifact inspection, performance evidence, and signed
  release installation/backup smoke. MVP delivers a private APK, not a store/AAB upload.
  Separate ephemeral CI signing from the customer-distribution signing identity.

Focused tests run first; the gate is the final integrated checkpoint. Documentation
names expected new test behavior, not pretend pre-existing test classes.

",1004,Highest,Backlog,sello-018
1005,Epic,SELLO-E05 — Complete everyday MVP workflows,"Local ID: SELLO-E05
Increment: MVP
Goal: Complete maintainable expense/income history and an honest monthly summary.
Exit: Edits/deletes/undo, category/budget management, income, basic Resumen and preferences all work after restart and preserve prior history.",,Highest,Backlog,sello-e05
19,Story,"SELLO-019 — Implement expense edits, deletion and guarded six-second undo","Local ID: SELLO-019
Epic: SELLO-E05
Increment: MVP
Repository source: docs/planning/mvp/epics/E05-mvp-workflows.md
Resource links resolve relative to that repository file.
Shared tools: docs/planning/mvp/EXECUTION_GUIDE.md

- **Type:** Story
- **Priority:** P0
- **Status:** Backlog
- **Depends on:** SELLO-012, SELLO-017, SELLO-018, SELLO-004
- **Gate:** G2

### Outcome
Users can correct/remove a recorded expense without false success or unsafe restoration.

### Deliverables
Versioned expense edit/delete/compensation commands and real transactional adapters;
durable deletion receipt/tombstone as needed; editor and menu/swipe equivalents;
six-second undo offer tied to a real monotonic timer, never simulated financial time.

### Acceptance criteria
- Edit/delete proves affected row/version and updates consistent snapshots. Editing
  a deleted/stale record conflicts instead of reporting success; edit has no creation stamp.
- Undo restores only the original eligible deletion and refuses later conflicting
  edits/recreation/reset. Restart/recomposition cannot extend the original undo offer.
- Apply approved D07/U01–U05: deadline is six real elapsed seconds; rotation and
  backgrounding within the live process preserve it. Process death expires the
  interactive offer, but deletion/compensation receipts still recover actual outcomes.
- Same operation replays safely; failure/cancellation preserves recoverable outcome.
  Both gesture and accessible menu paths exist, and deadlines/receipts are explicit.
- Historical expense correction is discoverable through contextual guidance and
  retained help; effective date/affected period is explicit before saving and
  completion feedback follows the committed receipt (D04/H06).

### Tests
Real-Room stale-edit/delete/undo races, rollback, missing row and reset-generation
tests; virtual monotonic expiry and rotated/recreated UI tests; device history totals
before/after edit/delete/undo. Extend catalog states and sandbox regression inputs.
Include exact deadline, same-process recreation, process-death offer expiry and
already-committed compensation recovery without re-deleting the restored record.

### Working checkpoint
Existing create journey still works; corrections survive restart and never silently
overwrite newer history. Run G2.

### Context and starting points
An expense is historical financial data, so an unchecked update or blind undo is
not a harmless form action. Use SELLO-012's operation protocol, SELLO-017's form,
SELLO-018's lists and approved D07. Read architecture §5 and
[recovery cases](../DECISION_INPUTS.md#recovery-cases-to-turn-into-tests).

### Implementation plan
1. Add expense-specific edit/delete/compensate commands with operation ID, generation
   and expected row version. Check affected rows and increment revision atomically.
2. Persist the original deleted payload and guarded compensation identity/expiry
   proof according to D07; define missing/stale/conflict outcomes explicitly.
3. Open the existing form in edit mode from real history ID; load current version,
   preserve raw draft, display Guardar cambios, and never replay create on restoration.
4. Add accessible delete menu and swipe equivalent, immediate committed deletion
   and six-second Deshacer using monotonic time. Recreation cannot restart the timer.
5. Restore only if compensation's version/generation/eligibility still holds; update
   observed snapshots rather than manually editing rendered totals. Add conflict/error states.

### Concrete cases and pitfalls
- Change 10,000 to 12,000: one record, increased version and totals by 2,000.
  A second editor holding the old version must fail without overwriting 12,000.
- Delete/undo returns the exact original record; repeated undo is idempotent only
  for that operation. Newer recreation/edit/reset must block compensation.
- Advancing financial clock a year leaves the real undo duration unchanged. After
  process death, recover actual outcomes but expire the offer, never grant fresh time.
  A previously committed undo still restores the record after receipt recovery.

### Verification recipe
Create/run `ExpenseEditDeleteContractTest`, `UndoCompensationContractTest` on real
Room and `*ExpenseEditViewModelTest` on host; G2. Execute edit/stale/delete/undo/expiry/
recreate device journeys with exact row/version/receipt/snapshot assertions.

Shared definition of done and gates:

1. Deliverables are checked in and satisfy every acceptance criterion. Changes
   respect architecture/source-set boundaries and do not activate deferred features.
2. Behavior changes have a meaningful failing test followed by passing evidence;
   pure build/docs tasks instead show negative/configuration/link checks as applicable.
3. Ticket-specific tests and its gate pass on the integrated branch. Record exact
   command/environment, revision, result counts, report paths, and device/API where
   relevant. A skipped gate is an outstanding requirement, not a pass.
   For SELLO-004 onward, use the mandatory runner delivered by 004 and record
   validated `Quality run` evidence before Review/Done; see QUALITY_FLOW.md.
4. Existing completed journeys still work. No successful stubs, inaccessible
   placeholders, destructive migrations, compile failures, or failed read → zero.
5. Applicable catalog examples and sandbox scenarios grow with the change.
   Accessibility, process restoration, financial bounds and error handling are
   checked where the ticket touches them; the final epic does not postpone quality.
6. Reviewer checks code, financial/recovery semantics, release isolation and
   evidence. Update the canonical ticket status/evidence, then regenerate the board.

Add a `### Delivery evidence` section to completed tickets with requirement mapping,
red/green commands, integration/device results, review and unresolved issues.
Do not rewrite acceptance after execution just to make a ticket pass.

Use these required evidence fields (no placeholder values): `Revision`,
`Requirement mapping`, `Red / Green`, `Gate results`, `Device / Artifact`, and
`Review`, each written as `- **Field:** evidence`. State why a red test/device gate
is inapplicable for a pure documentation task; do not waive a required G2/G3 test.
SELLO-004 and later additionally require `Quality run` before Review as well as
Done; bootstrap tickets 001–003 are exempt from that field.

## Gate profiles

Use the agreed JDK/SDK environment from SELLO-002; the inspected local baseline is:

```bash
export ANDROID_HOME=/home/okabe94/Android/Sdk
export JAVA_HOME=/opt/android-studio/jbr
export PATH=""$JAVA_HOME/bin:$PATH""
```

- **G0 — scaffold:** `./gradlew testDebugUnitTest lintDebug assembleDebug assembleRelease --continue`.
  Used until module bootstrap lands; unsigned release assembly is not publishing.
- **G1 — integrated host:** after SELLO-003, run the commands below plus the
  architecture/format/static checks introduced by SELLO-004. CI must keep one
  documented aggregate gate synchronized with actual Gradle task names.

```bash
./gradlew :domain:test :data:testDebugUnitTest :design-system:testDebugUnitTest \
  :app:testDebugUnitTest :catalog:testDebugUnitTest lintDebug \
  :app:assembleDebug :app:assembleRelease :catalog:assembleDebug --continue
```

- **G2 — affected device boundaries:** G1 plus appropriate real-Room/Compose tests
  on a pinned emulator/device. Use `:data:connectedDebugAndroidTest`,
  `:design-system:connectedDebugAndroidTest`, `:app:connectedDebugAndroidTest`,
  and `:catalog:connectedDebugAndroidTest` as applicable. Assemble test APKs if no
  device is available, but do **not** mark device acceptance complete.
- **G3 — release:** G2 across agreed API/window/font configurations, optimized
  production composition/artifact inspection, performance evidence, and signed
  release installation/backup smoke. MVP delivers a private APK, not a store/AAB upload.
  Separate ephemeral CI signing from the customer-distribution signing identity.

Focused tests run first; the gate is the final integrated checkpoint. Documentation
names expected new test behavior, not pretend pre-existing test classes.

",1005,Highest,Backlog,sello-019
20,Story,SELLO-020 — Complete category management and month-specific budget editing,"Local ID: SELLO-020
Epic: SELLO-E05
Increment: MVP
Repository source: docs/planning/mvp/epics/E05-mvp-workflows.md
Resource links resolve relative to that repository file.
Shared tools: docs/planning/mvp/EXECUTION_GUIDE.md

- **Type:** Story
- **Priority:** P0
- **Status:** Backlog
- **Depends on:** SELLO-013, SELLO-018, SELLO-008, SELLO-004
- **Gate:** G2

### Outcome
Users can maintain names/icons/limits and retire categories while history stays meaningful.

### Deliverables
Real category edit and change-limit flows, explicit target-month display, archive
confirmation with affected counts, historical/archived presentation and restored
draft/version conflict handling. Category long-press actions have accessible equivalents.

### Acceptance criteria
- Current-month changes never mutate prior limits; rename updates presentation
  without moving expenses to another identity. Archived history remains readable.
- Archive removes category from new-entry chips but does not cascade history.
  No destructive aggregate-delete capability is exposed unless separately accepted.
- Implement approved AR01–AR06, explain current/future-month budget consequences
  before archive/unarchive confirmation, and keep archived rows with saved limits or
  expenses visible in relevant periods. Reuse original identity on restore/rename.
- Draft conflict includes reload/retry choice; “Guardar cambios” requires a confirmed
  receipt. Removing the final active category returns Anotar to the honest prerequisite.
- Announce that previous months' limits can be corrected; retain accessible help
  after dismissal. Historical editor names the target month and explains that other
  configured limits/defaults are unchanged. Confirmed save explains refreshed totals.

### Tests
Device rename/change-limit/archive with prior-month reconciliation; stale edit,
last-category, empty/archive states and process restoration tests; G2.
Cover H06 discovery/help before and after dismissal, explicit historical target/scope,
TalkBack/large-font readability, no success on failed/unknown commit, and receipt-backed
completion feedback. Extend catalog examples for applicable informational states.
Run archive/unarchive across month boundaries, preserved current/override limits,
historical rename and zero-expense archived-budget visibility with exact reconciled totals.

### Working checkpoint
Previously recorded expense/detail remains readable after archival; new entries
cannot accidentally select archived categories. Update related catalog examples.

### Context and starting points
Users need to maintain categories without losing source history or rewriting past
budgets. Inputs are actual category ports from SELLO-013, current detail SELLO-018
and approved D04/D05/D07. Read
[category editor](../../../design/sello-spec.html#s-catform) and archive/budget example H01.

### Implementation plan
1. Reuse category editor controls but distinguish create/edit/month-limit mode;
   load stable category ID, row version and explicit selected month from navigation.
2. Add rename/icon/change-limit actions with validated commands and durable receipt
   handling. Show which month is being changed before confirmation/submission.
   Add contextual historical-edit announcement plus retained month/editor help using
   resource copy; after confirmed commit identify the updated period. Explain any
   later approved carryover consequences rather than promising unapproved isolation.
3. Implement archive confirmation with real affected counts, preserve historical
   identity/expenses/limits, and refresh eligible-entry chips through observation.
4. Handle stale editor/deleted row by explicit reload/keep-draft choice; save cannot
   silently upsert a replacement identity. Apply approved archived-month budget semantics.
5. Add accessible long-press/menu equivalents and retained detail/history access,
   including the last-active-category path back to creation prerequisites.

### Concrete cases and pitfalls
- Rename C from Café to Comida: historical rows remain attached to C, not matched
  by translated/name text. Archive C does not remove its September expenses.
- October limit 120,000 cannot rewrite September's 100,000; H01 remains 80,000.
- A form selected before archival must fail at the command boundary, not save into
  an ineligible category because its chips were once loaded.

### Verification recipe
Create/run `*CategoryManagementViewModelTest` and real device CategoryManagementJourneyTest;
G2. Verify rename/month-specific limit/archive/stale draft/restart and retained source
history. Archive-only MVP has no implemented or fake destructive aggregate delete.

Shared definition of done and gates:

1. Deliverables are checked in and satisfy every acceptance criterion. Changes
   respect architecture/source-set boundaries and do not activate deferred features.
2. Behavior changes have a meaningful failing test followed by passing evidence;
   pure build/docs tasks instead show negative/configuration/link checks as applicable.
3. Ticket-specific tests and its gate pass on the integrated branch. Record exact
   command/environment, revision, result counts, report paths, and device/API where
   relevant. A skipped gate is an outstanding requirement, not a pass.
   For SELLO-004 onward, use the mandatory runner delivered by 004 and record
   validated `Quality run` evidence before Review/Done; see QUALITY_FLOW.md.
4. Existing completed journeys still work. No successful stubs, inaccessible
   placeholders, destructive migrations, compile failures, or failed read → zero.
5. Applicable catalog examples and sandbox scenarios grow with the change.
   Accessibility, process restoration, financial bounds and error handling are
   checked where the ticket touches them; the final epic does not postpone quality.
6. Reviewer checks code, financial/recovery semantics, release isolation and
   evidence. Update the canonical ticket status/evidence, then regenerate the board.

Add a `### Delivery evidence` section to completed tickets with requirement mapping,
red/green commands, integration/device results, review and unresolved issues.
Do not rewrite acceptance after execution just to make a ticket pass.

Use these required evidence fields (no placeholder values): `Revision`,
`Requirement mapping`, `Red / Green`, `Gate results`, `Device / Artifact`, and
`Review`, each written as `- **Field:** evidence`. State why a red test/device gate
is inapplicable for a pure documentation task; do not waive a required G2/G3 test.
SELLO-004 and later additionally require `Quality run` before Review as well as
Done; bootstrap tickets 001–003 are exempt from that field.

## Gate profiles

Use the agreed JDK/SDK environment from SELLO-002; the inspected local baseline is:

```bash
export ANDROID_HOME=/home/okabe94/Android/Sdk
export JAVA_HOME=/opt/android-studio/jbr
export PATH=""$JAVA_HOME/bin:$PATH""
```

- **G0 — scaffold:** `./gradlew testDebugUnitTest lintDebug assembleDebug assembleRelease --continue`.
  Used until module bootstrap lands; unsigned release assembly is not publishing.
- **G1 — integrated host:** after SELLO-003, run the commands below plus the
  architecture/format/static checks introduced by SELLO-004. CI must keep one
  documented aggregate gate synchronized with actual Gradle task names.

```bash
./gradlew :domain:test :data:testDebugUnitTest :design-system:testDebugUnitTest \
  :app:testDebugUnitTest :catalog:testDebugUnitTest lintDebug \
  :app:assembleDebug :app:assembleRelease :catalog:assembleDebug --continue
```

- **G2 — affected device boundaries:** G1 plus appropriate real-Room/Compose tests
  on a pinned emulator/device. Use `:data:connectedDebugAndroidTest`,
  `:design-system:connectedDebugAndroidTest`, `:app:connectedDebugAndroidTest`,
  and `:catalog:connectedDebugAndroidTest` as applicable. Assemble test APKs if no
  device is available, but do **not** mark device acceptance complete.
- **G3 — release:** G2 across agreed API/window/font configurations, optimized
  production composition/artifact inspection, performance evidence, and signed
  release installation/backup smoke. MVP delivers a private APK, not a store/AAB upload.
  Separate ephemeral CI signing from the customer-distribution signing identity.

Focused tests run first; the gate is the final integrated checkpoint. Documentation
names expected new test behavior, not pretend pre-existing test classes.

",1005,Highest,Backlog,sello-020
21,Story,"SELLO-021 — Ship income recording, history and guarded correction workflows","Local ID: SELLO-021
Epic: SELLO-E05
Increment: MVP
Repository source: docs/planning/mvp/epics/E05-mvp-workflows.md
Resource links resolve relative to that repository file.
Shared tools: docs/planning/mvp/EXECUTION_GUIDE.md

- **Type:** Story
- **Priority:** P0
- **Status:** Backlog
- **Depends on:** SELLO-012, SELLO-015, SELLO-008, SELLO-019, SELLO-004
- **Gate:** G2

### Outcome
Income is a complete real workflow, not a summary number populated by fixtures.

### Deliverables
Income-specific validated commands/read port using the existing operation protocol;
amount/source/date/note entry, receipt/history, edit/delete/undo and restored drafts.
Stable source kinds are separate from translated labels and optional free text.

### Acceptance criteria
- Dock remains expense-first; an explicit income action opens the actual income form.
  No recurrence or batch options appear. COP/current-or-past date policy is consistent.
- Duplicate/canceled saves recover their original receipts; income updates do not
  touch expenses or budgets. Negative/zero invalid income rejects original input.
- Income deletion and edits use guarded versions/compensation, not a copied unsafe
  implementation; source rename/copy changes cannot change classification identity.
- Use the same approved D07 six-second real-time offer and process-death expiry /
  durable outcome recovery as expense deletion; cover U01–U05 for income too.
- Historical income correction includes contextual/persistent guidance, an explicit
  effective date/affected month and receipt-backed completion feedback (D04/H06).

### Tests
Real-Room income operation contracts and cross-type isolation; ViewModel/Compose
entry-history-edit-delete-undo-restart tests, source-key and exact amount checks; G2.

### Working checkpoint
Expense and income journeys coexist, persist independently and are reachable without
debug data. Extend applicable catalog states and sandbox command scripts.

### Context and starting points
Income powers Resumen but is not a refund/account-transfer classifier. Use the
operation/undo contracts from SELLO-012/019, entry controls and approved source keys
(D05). Read [income](../../../design/sello-spec.html#s-ingresos), Anotar and I01.
There is no bank/capture import to reinterpret as income.

### Implementation plan
1. Add income-specific create/edit/delete/read/undo ports and transactional adapters;
   reuse protocol/policies, not a universal expense/investment form with mode booleans.
2. Store positive COP amount/effective date/stable source kind and optional free text/
   note, audit/version/sequence; translated source labels live in app resources.
3. Add explicit income choice from Anotar and history route; dock still opens expense.
   Implement raw draft, busy/recovery/result states and same-operation receipt handling.
4. Add bounded ordered income history, editor and guarded delete/undo using D07;
   expose source values for later snapshot/Resumen rather than calculate budgets here.
5. Add restorable draft/ID UI tests and accessible state fixtures. Existing expenses
   and category budget writes must remain isolated from income commands.

### Concrete cases and pitfalls
- Create income 150,000 twice with one ID: one row. Same ID changed source/amount
  conflicts. Expense totals remain untouched.
- Changing Spanish source copy cannot change its stored classification; custom label
  is metadata, not a new enum inferred from text.
- Income edit/delete uses expected version and durable compensation; it is not safer
  merely because income is positive. Recurrence/batch actions remain absent.

### Verification recipe
Create/run `IncomeCommandContractTest`, `*IncomeFormViewModelTest` and IncomeJourneyTest;
G2. Verify create/list/edit/stale-delete/undo/restart, cross-type isolation and exact
source/date/receipt values through real Room, not a fake summary seed.

Shared definition of done and gates:

1. Deliverables are checked in and satisfy every acceptance criterion. Changes
   respect architecture/source-set boundaries and do not activate deferred features.
2. Behavior changes have a meaningful failing test followed by passing evidence;
   pure build/docs tasks instead show negative/configuration/link checks as applicable.
3. Ticket-specific tests and its gate pass on the integrated branch. Record exact
   command/environment, revision, result counts, report paths, and device/API where
   relevant. A skipped gate is an outstanding requirement, not a pass.
   For SELLO-004 onward, use the mandatory runner delivered by 004 and record
   validated `Quality run` evidence before Review/Done; see QUALITY_FLOW.md.
4. Existing completed journeys still work. No successful stubs, inaccessible
   placeholders, destructive migrations, compile failures, or failed read → zero.
5. Applicable catalog examples and sandbox scenarios grow with the change.
   Accessibility, process restoration, financial bounds and error handling are
   checked where the ticket touches them; the final epic does not postpone quality.
6. Reviewer checks code, financial/recovery semantics, release isolation and
   evidence. Update the canonical ticket status/evidence, then regenerate the board.

Add a `### Delivery evidence` section to completed tickets with requirement mapping,
red/green commands, integration/device results, review and unresolved issues.
Do not rewrite acceptance after execution just to make a ticket pass.

Use these required evidence fields (no placeholder values): `Revision`,
`Requirement mapping`, `Red / Green`, `Gate results`, `Device / Artifact`, and
`Review`, each written as `- **Field:** evidence`. State why a red test/device gate
is inapplicable for a pure documentation task; do not waive a required G2/G3 test.
SELLO-004 and later additionally require `Quality run` before Review as well as
Done; bootstrap tickets 001–003 are exempt from that field.

## Gate profiles

Use the agreed JDK/SDK environment from SELLO-002; the inspected local baseline is:

```bash
export ANDROID_HOME=/home/okabe94/Android/Sdk
export JAVA_HOME=/opt/android-studio/jbr
export PATH=""$JAVA_HOME/bin:$PATH""
```

- **G0 — scaffold:** `./gradlew testDebugUnitTest lintDebug assembleDebug assembleRelease --continue`.
  Used until module bootstrap lands; unsigned release assembly is not publishing.
- **G1 — integrated host:** after SELLO-003, run the commands below plus the
  architecture/format/static checks introduced by SELLO-004. CI must keep one
  documented aggregate gate synchronized with actual Gradle task names.

```bash
./gradlew :domain:test :data:testDebugUnitTest :design-system:testDebugUnitTest \
  :app:testDebugUnitTest :catalog:testDebugUnitTest lintDebug \
  :app:assembleDebug :app:assembleRelease :catalog:assembleDebug --continue
```

- **G2 — affected device boundaries:** G1 plus appropriate real-Room/Compose tests
  on a pinned emulator/device. Use `:data:connectedDebugAndroidTest`,
  `:design-system:connectedDebugAndroidTest`, `:app:connectedDebugAndroidTest`,
  and `:catalog:connectedDebugAndroidTest` as applicable. Assemble test APKs if no
  device is available, but do **not** mark device acceptance complete.
- **G3 — release:** G2 across agreed API/window/font configurations, optimized
  production composition/artifact inspection, performance evidence, and signed
  release installation/backup smoke. MVP delivers a private APK, not a store/AAB upload.
  Separate ephemeral CI signing from the customer-distribution signing identity.

Focused tests run first; the gate is the final integrated checkpoint. Documentation
names expected new test behavior, not pretend pre-existing test classes.

",1005,Highest,Backlog,sello-021
22,Story,SELLO-022 — Deliver basic Resumen with exact actuals and history charts,"Local ID: SELLO-022
Epic: SELLO-E05
Increment: MVP
Repository source: docs/planning/mvp/epics/E05-mvp-workflows.md
Resource links resolve relative to that repository file.
Shared tools: docs/planning/mvp/EXECUTION_GUIDE.md

- **Type:** Story
- **Priority:** P0
- **Status:** Backlog
- **Depends on:** SELLO-014, SELLO-018, SELLO-021, SELLO-009, SELLO-004
- **Gate:** G2

### Outcome
Users can inspect actual income/spending and understand planning allocation without account-balance claims.

### Deliverables
Resumen render models/screens/Root, actual monthly spending/income/net cash flow,
budget destination/undestined explanation, basic exact spending-history/category
charts and source history links. Enable the second real tab with restored stacks.

### Acceptance criteria
- Figures reconcile to same-revision expense/income history; net cash flow and
  undestined planning capacity are distinct. No goals/investment contributions are
  fabricated; actual verdict is labeled separately from Recibo's projected verdict.
- Shared month and tab stacks survive switches/restoration. Empty history produces
  truthful empty states, not invented comparison trends or zero on read failure.
- Chart selection/text values match exact source totals even at large amounts.
  No analytical export, detailed record/comparison or unsupported navigation exists.

### Tests
Approved allocation/actual verdict examples, chart/source agreement, tab/month/back
restoration and device entry→summary→restart journeys; all four themes and G2.

### Working checkpoint
Recibo and Resumen are both fully functional product tabs; each link points to an
implemented workflow. Sandbox can now demonstrate real graph growth.

### Context and starting points
Resumen explains actual cash flow and planning allocation; neither is a bank balance.
Use monthly snapshot contracts from SELLO-014, income history from SELLO-021 and
chart primitives. Read [Resumen](../../../design/sello-spec.html#s-resumen), approved
scope/examples I01/G01, and architecture §4. Detailed comparisons/records/export are deferred.

### Implementation plan
1. Extend/read a same-revision snapshot containing actual expense/income totals and
   approved budget allocation; define net flow and undestined as distinct render values.
2. Build Resumen State/ViewModel/Root/Screen with actual verdict, monthly history/
   category chart inputs and source-income/category links to implemented routes.
3. Preserve exact series values/IDs through selection and accessible text. Projection
   labels stay distinct from the actual-spend verdict and never create financial records.
4. Enable the real second tab, retained stacks/month/back/reselection; remove temporary
   one-tab scaffolding without adding Patrimonio or broken future action links.
5. Implement loading/empty/error/last-good and insufficient-history states; add previews
   and any newly required reusable component example states.

### Concrete cases and pitfalls
- I01 shows net cash flow 120,000 and undestined 50,000, not two copies of the same
  number. No goal/investment amount exists in MVP to fill allocation fields.
- G01 cumulative chart is 10,000/25,000/30,000; selected values/text equal source
  rows even when geometry uses approximate coordinates.
- Month switches cannot combine October income with September budgets; no-history
  cannot produce an invented comparison trend or a zero on failed reads.

### Verification recipe
Create/run `*ResumenSnapshotTest`, `*ResumenRenderModelTest` and ResumenJourneyTest;
G2. Compare independently totaled Room rows with slips/chart/selected text, test
tab/month restoration and read faults, and record every exposed link's real destination.

Shared definition of done and gates:

1. Deliverables are checked in and satisfy every acceptance criterion. Changes
   respect architecture/source-set boundaries and do not activate deferred features.
2. Behavior changes have a meaningful failing test followed by passing evidence;
   pure build/docs tasks instead show negative/configuration/link checks as applicable.
3. Ticket-specific tests and its gate pass on the integrated branch. Record exact
   command/environment, revision, result counts, report paths, and device/API where
   relevant. A skipped gate is an outstanding requirement, not a pass.
   For SELLO-004 onward, use the mandatory runner delivered by 004 and record
   validated `Quality run` evidence before Review/Done; see QUALITY_FLOW.md.
4. Existing completed journeys still work. No successful stubs, inaccessible
   placeholders, destructive migrations, compile failures, or failed read → zero.
5. Applicable catalog examples and sandbox scenarios grow with the change.
   Accessibility, process restoration, financial bounds and error handling are
   checked where the ticket touches them; the final epic does not postpone quality.
6. Reviewer checks code, financial/recovery semantics, release isolation and
   evidence. Update the canonical ticket status/evidence, then regenerate the board.

Add a `### Delivery evidence` section to completed tickets with requirement mapping,
red/green commands, integration/device results, review and unresolved issues.
Do not rewrite acceptance after execution just to make a ticket pass.

Use these required evidence fields (no placeholder values): `Revision`,
`Requirement mapping`, `Red / Green`, `Gate results`, `Device / Artifact`, and
`Review`, each written as `- **Field:** evidence`. State why a red test/device gate
is inapplicable for a pure documentation task; do not waive a required G2/G3 test.
SELLO-004 and later additionally require `Quality run` before Review as well as
Done; bootstrap tickets 001–003 are exempt from that field.

## Gate profiles

Use the agreed JDK/SDK environment from SELLO-002; the inspected local baseline is:

```bash
export ANDROID_HOME=/home/okabe94/Android/Sdk
export JAVA_HOME=/opt/android-studio/jbr
export PATH=""$JAVA_HOME/bin:$PATH""
```

- **G0 — scaffold:** `./gradlew testDebugUnitTest lintDebug assembleDebug assembleRelease --continue`.
  Used until module bootstrap lands; unsigned release assembly is not publishing.
- **G1 — integrated host:** after SELLO-003, run the commands below plus the
  architecture/format/static checks introduced by SELLO-004. CI must keep one
  documented aggregate gate synchronized with actual Gradle task names.

```bash
./gradlew :domain:test :data:testDebugUnitTest :design-system:testDebugUnitTest \
  :app:testDebugUnitTest :catalog:testDebugUnitTest lintDebug \
  :app:assembleDebug :app:assembleRelease :catalog:assembleDebug --continue
```

- **G2 — affected device boundaries:** G1 plus appropriate real-Room/Compose tests
  on a pinned emulator/device. Use `:data:connectedDebugAndroidTest`,
  `:design-system:connectedDebugAndroidTest`, `:app:connectedDebugAndroidTest`,
  and `:catalog:connectedDebugAndroidTest` as applicable. Assemble test APKs if no
  device is available, but do **not** mark device acceptance complete.
- **G3 — release:** G2 across agreed API/window/font configurations, optimized
  production composition/artifact inspection, performance evidence, and signed
  release installation/backup smoke. MVP delivers a private APK, not a store/AAB upload.
  Separate ephemeral CI signing from the customer-distribution signing identity.

Focused tests run first; the gate is the final integrated checkpoint. Documentation
names expected new test behavior, not pretend pre-existing test classes.

",1005,Highest,Backlog,sello-022
23,Story,"SELLO-023 — Ship persisted appearance, ordering and essential settings","Local ID: SELLO-023
Epic: SELLO-E05
Increment: MVP
Repository source: docs/planning/mvp/epics/E05-mvp-workflows.md
Resource links resolve relative to that repository file.
Shared tools: docs/planning/mvp/EXECUTION_GUIDE.md

- **Type:** Story
- **Priority:** P1
- **Status:** Backlog
- **Depends on:** SELLO-006, SELLO-015, SELLO-020, SELLO-004
- **Gate:** G2

### Outcome
Users can personalize the MVP through a settings surface without financial responsibilities leaking into it.

### Deliverables
Typed DataStore preference adapter/neutral contracts, Sistema/Claro/Oscuro and
Cobalto/Violeta controls, category order/direction with deterministic tie-breaks,
and settings behind Recibo's gear. Data actions become visible only as their tickets ship.

### Acceptance criteria
- Theme changes apply consistently and survive restart; preference errors are visible
  without invalidating committed money. Financial zone/limits remain in Room.
- Every supported category order uses actual data; unlimited categories remain last.
  No investment currency, recurrence, notification or debug controls appear in release.
- Approved D06 defaults/metrics/directions/ties match O01–O08 in the versioned
  corpus. Más usadas counts selected-month expenses, not lifetime count or amount;
  last update uses real category/configuration audit time. Unlimited-last and
  alphabetical/ID ties are not reversed with the selected metric direction.
- Settings uses narrow collaborators, not a universal manager/ViewModel; drafts
  and selected month are not cleared by appearance changes.

### Tests
DataStore codec/default/failure/restart tests, sorting ties and archive interactions,
device theme/order/settings back-stack tests; G2. Extend catalog preference UI states.
Execute all O01–O08 orders, cross-month selection and reversed-direction/tie cases;
financial-time travel without configuration edits cannot change last-update ordering.

### Working checkpoint
Daily-use workflows remain functional in all four themes; restart preserves selected
preferences without changing financial data or formulas.

### Context and starting points
Preferences should not make settings a financial transaction coordinator. Use
neutral contracts from SELLO-005, theme from SELLO-006, real categories and approved
D06/D09. Read [settings](../../../design/sello-spec.html#s-config), architecture §§2/7
and the guide's DataStore source. Rate/currency/notification settings are not MVP.

### Implementation plan
1. Define typed theme/ink/order/direction preferences and stable codecs in data;
   implement DataStore observation/update with explicit failure/default behavior.
2. Wire the adapter only in composition; screen/ViewModel consume neutral preference
   ports and never serialized UI enum names or direct DataStore keys.
3. Add gear-accessible settings UI and deterministic selected-month category ordering
   from approved D06, keeping unlimited last and stable tie-breaking.
4. Apply theme immediately through the root while preserving forms/month/back state;
   expose save/read failure and retry without invalidating financial receipts.
5. Prepare settings data-action slots through actual route availability. Backup/reset
   buttons appear only when those workflows land; debug tools appear only in debug sources.

### Concrete cases and pitfalls
- Sistema/Cobalto is the default; choose Oscuro/Violeta, restart and verify both.
- Equal metric values require the approved tie-break, not nondeterministic SQL order.
- Invalid nonfinancial preference handling is distinct from corrupt financial data;
  do not default a broken currency/budget to a UI setting or write through Room.

### Verification recipe
Create/run `*PreferencesCodecTest`, `*CategoryOrderingTest` and SettingsJourneyTest;
G2. Inject DataStore failure, verify changed theme/restart/order and untouched actual
financial rows/drafts; test every approved ordering metric with explicit fixtures.

Shared definition of done and gates:

1. Deliverables are checked in and satisfy every acceptance criterion. Changes
   respect architecture/source-set boundaries and do not activate deferred features.
2. Behavior changes have a meaningful failing test followed by passing evidence;
   pure build/docs tasks instead show negative/configuration/link checks as applicable.
3. Ticket-specific tests and its gate pass on the integrated branch. Record exact
   command/environment, revision, result counts, report paths, and device/API where
   relevant. A skipped gate is an outstanding requirement, not a pass.
   For SELLO-004 onward, use the mandatory runner delivered by 004 and record
   validated `Quality run` evidence before Review/Done; see QUALITY_FLOW.md.
4. Existing completed journeys still work. No successful stubs, inaccessible
   placeholders, destructive migrations, compile failures, or failed read → zero.
5. Applicable catalog examples and sandbox scenarios grow with the change.
   Accessibility, process restoration, financial bounds and error handling are
   checked where the ticket touches them; the final epic does not postpone quality.
6. Reviewer checks code, financial/recovery semantics, release isolation and
   evidence. Update the canonical ticket status/evidence, then regenerate the board.

Add a `### Delivery evidence` section to completed tickets with requirement mapping,
red/green commands, integration/device results, review and unresolved issues.
Do not rewrite acceptance after execution just to make a ticket pass.

Use these required evidence fields (no placeholder values): `Revision`,
`Requirement mapping`, `Red / Green`, `Gate results`, `Device / Artifact`, and
`Review`, each written as `- **Field:** evidence`. State why a red test/device gate
is inapplicable for a pure documentation task; do not waive a required G2/G3 test.
SELLO-004 and later additionally require `Quality run` before Review as well as
Done; bootstrap tickets 001–003 are exempt from that field.

## Gate profiles

Use the agreed JDK/SDK environment from SELLO-002; the inspected local baseline is:

```bash
export ANDROID_HOME=/home/okabe94/Android/Sdk
export JAVA_HOME=/opt/android-studio/jbr
export PATH=""$JAVA_HOME/bin:$PATH""
```

- **G0 — scaffold:** `./gradlew testDebugUnitTest lintDebug assembleDebug assembleRelease --continue`.
  Used until module bootstrap lands; unsigned release assembly is not publishing.
- **G1 — integrated host:** after SELLO-003, run the commands below plus the
  architecture/format/static checks introduced by SELLO-004. CI must keep one
  documented aggregate gate synchronized with actual Gradle task names.

```bash
./gradlew :domain:test :data:testDebugUnitTest :design-system:testDebugUnitTest \
  :app:testDebugUnitTest :catalog:testDebugUnitTest lintDebug \
  :app:assembleDebug :app:assembleRelease :catalog:assembleDebug --continue
```

- **G2 — affected device boundaries:** G1 plus appropriate real-Room/Compose tests
  on a pinned emulator/device. Use `:data:connectedDebugAndroidTest`,
  `:design-system:connectedDebugAndroidTest`, `:app:connectedDebugAndroidTest`,
  and `:catalog:connectedDebugAndroidTest` as applicable. Assemble test APKs if no
  device is available, but do **not** mark device acceptance complete.
- **G3 — release:** G2 across agreed API/window/font configurations, optimized
  production composition/artifact inspection, performance evidence, and signed
  release installation/backup smoke. MVP delivers a private APK, not a store/AAB upload.
  Separate ephemeral CI signing from the customer-distribution signing identity.

Focused tests run first; the gate is the final integrated checkpoint. Documentation
names expected new test behavior, not pretend pre-existing test classes.

",1005,High,Backlog,sello-023
1006,Epic,SELLO-E06 — Debug live-testing sandbox,"Local ID: SELLO-E06
Increment: MVP
Goal: Explore time-sensitive financial behavior safely through the actual app pipeline.
Exit: Isolated controllable dates, reproducible histories/graphs, inspectable receipts and restart/failure scenarios; no tooling in customer release.",,Highest,Backlog,sello-e06
24,Task,SELLO-024 — Create isolated sandbox sessions and financial time controls,"Local ID: SELLO-024
Epic: SELLO-E06
Increment: MVP
Repository source: docs/planning/mvp/epics/E06-live-testing.md
Resource links resolve relative to that repository file.
Shared tools: docs/planning/mvp/EXECUTION_GUIDE.md

- **Type:** Task
- **Priority:** P0
- **Status:** Backlog
- **Depends on:** SELLO-005, SELLO-011, SELLO-015, SELLO-004
- **Gate:** G2

### Outcome
Live testing can freeze/advance dates without touching production data or unrelated clocks.

### Deliverables
Debug-source-set tools entry, explicit sandbox badge, dedicated sandbox Room/
preferences namespace and session lifecycle; freeze/day/month/date controls and
bounded play/pause using the observable financial clock. Persist time/zone/profile
for process-restart testing; keep real audit and monotonic sources independent.

### Acceptance criteria
- Debug application ID differs from production; sandbox switching also preserves
  the normal debug profile. Switching/reset cannot race an active financial write.
- Device time, undo expiry, animation and network timeout never accelerate. Date
  changes trigger normal snapshot/rollover paths, not debug-only calculations.
- Rewind after mutation requires confirmed scenario reset/replay; a displayed old
  date cannot pretend newer persisted history never happened.
- Tools/classes/resources/routes have no release dependency; no “hidden menu” substitute.

### Tests
Clock separation, persistence/restart and switch/session-isolation tests; device
date stepping and badge checks; release class/resource/manifest inspection; G2.

### Working checkpoint
Debug app visibly changes financial date; customer release uses real financial
time. Real fixtures arrive in the next ticket, not fake financial screens here.

### Context and starting points
This is an isolated laboratory, not a release settings menu or altered device clock.
Use the distinct clock ports from SELLO-005, real Room factory from SELLO-011 and
app Root from SELLO-015. Read architecture §9,
[module map](../EXECUTION_GUIDE.md#module-and-file-map) and accepted D02/D09.

### Implementation plan
1. Add debug-only tools UI/bindings with separate sandbox DB/preferences namespace
   and visible session/date/zone badge; normal debug profile and production stay untouched.
2. Define owned session start/stop/switch: stop old observers/runners, wait/cancel work
   safely and invalidate old UI actions before binding the new profile/financial clock.
3. Implement freeze, +day, +month, jump and bounded play/pause through the observable
   financial clock; keep audit/monotonic sources unchanged. Persist sandbox clock/session state.
4. Require reset/replay to rewind mutated scenario history; initial arbitrary date
   selection is safe only before financial mutations. Show explicit confirmation/state.
5. Add startup/restart and release-exclusion checks. Seed/history execution is SELLO-025,
   not unchecked inserts disguised as the time-control implementation.

### Concrete cases and pitfalls
- Advance Oct 31 to Nov 1: normal month/rollover observation runs; undo expiry and
  background inactivity do not accelerate. Device wall clock remains unchanged.
- Switching profile with a pending old form cannot send its action into the new DB
  just because both generations happen to be 1; session origin is also guarded.
- A customer release must contain no tools route/controller/fixtures, even without
  shrinking. BuildConfig-hidden controls are insufficient isolation.

### Verification recipe
Create/run `*SandboxSessionTest`, `*SandboxClockPersistenceTest` and debug TimeControlsJourneyTest;
G2. Compare real audit/monotonic time before/after stepping, reopen sandbox and normal
profiles, then inspect release manifest/resources/classes for developer artifacts.

Shared definition of done and gates:

1. Deliverables are checked in and satisfy every acceptance criterion. Changes
   respect architecture/source-set boundaries and do not activate deferred features.
2. Behavior changes have a meaningful failing test followed by passing evidence;
   pure build/docs tasks instead show negative/configuration/link checks as applicable.
3. Ticket-specific tests and its gate pass on the integrated branch. Record exact
   command/environment, revision, result counts, report paths, and device/API where
   relevant. A skipped gate is an outstanding requirement, not a pass.
   For SELLO-004 onward, use the mandatory runner delivered by 004 and record
   validated `Quality run` evidence before Review/Done; see QUALITY_FLOW.md.
4. Existing completed journeys still work. No successful stubs, inaccessible
   placeholders, destructive migrations, compile failures, or failed read → zero.
5. Applicable catalog examples and sandbox scenarios grow with the change.
   Accessibility, process restoration, financial bounds and error handling are
   checked where the ticket touches them; the final epic does not postpone quality.
6. Reviewer checks code, financial/recovery semantics, release isolation and
   evidence. Update the canonical ticket status/evidence, then regenerate the board.

Add a `### Delivery evidence` section to completed tickets with requirement mapping,
red/green commands, integration/device results, review and unresolved issues.
Do not rewrite acceptance after execution just to make a ticket pass.

Use these required evidence fields (no placeholder values): `Revision`,
`Requirement mapping`, `Red / Green`, `Gate results`, `Device / Artifact`, and
`Review`, each written as `- **Field:** evidence`. State why a red test/device gate
is inapplicable for a pure documentation task; do not waive a required G2/G3 test.
SELLO-004 and later additionally require `Quality run` before Review as well as
Done; bootstrap tickets 001–003 are exempt from that field.

## Gate profiles

Use the agreed JDK/SDK environment from SELLO-002; the inspected local baseline is:

```bash
export ANDROID_HOME=/home/okabe94/Android/Sdk
export JAVA_HOME=/opt/android-studio/jbr
export PATH=""$JAVA_HOME/bin:$PATH""
```

- **G0 — scaffold:** `./gradlew testDebugUnitTest lintDebug assembleDebug assembleRelease --continue`.
  Used until module bootstrap lands; unsigned release assembly is not publishing.
- **G1 — integrated host:** after SELLO-003, run the commands below plus the
  architecture/format/static checks introduced by SELLO-004. CI must keep one
  documented aggregate gate synchronized with actual Gradle task names.

```bash
./gradlew :domain:test :data:testDebugUnitTest :design-system:testDebugUnitTest \
  :app:testDebugUnitTest :catalog:testDebugUnitTest lintDebug \
  :app:assembleDebug :app:assembleRelease :catalog:assembleDebug --continue
```

- **G2 — affected device boundaries:** G1 plus appropriate real-Room/Compose tests
  on a pinned emulator/device. Use `:data:connectedDebugAndroidTest`,
  `:design-system:connectedDebugAndroidTest`, `:app:connectedDebugAndroidTest`,
  and `:catalog:connectedDebugAndroidTest` as applicable. Assemble test APKs if no
  device is available, but do **not** mark device acceptance complete.
- **G3 — release:** G2 across agreed API/window/font configurations, optimized
  production composition/artifact inspection, performance evidence, and signed
  release installation/backup smoke. MVP delivers a private APK, not a store/AAB upload.
  Separate ephemeral CI signing from the customer-distribution signing identity.

Focused tests run first; the gate is the final integrated checkpoint. Documentation
names expected new test behavior, not pretend pre-existing test classes.

",1006,Highest,Backlog,sello-024
25,Story,"SELLO-025 — Implement seeded histories, replay and live graph-growth scenarios","Local ID: SELLO-025
Epic: SELLO-E06
Increment: MVP
Repository source: docs/planning/mvp/epics/E06-live-testing.md
Resource links resolve relative to that repository file.
Shared tools: docs/planning/mvp/EXECUTION_GUIDE.md

- **Type:** Story
- **Priority:** P0
- **Status:** Backlog
- **Depends on:** SELLO-017, SELLO-018, SELLO-022, SELLO-024, SELLO-004
- **Gate:** G2

### Outcome
A developer can watch actual graphs/budgets grow by replaying deterministic financial actions.

### Deliverables
Versioned synthetic scenario fixtures with seed/time/zone, validated category/
expense/income commands, bounded date-step runner, pause/resume/checkpoint and
reset-to-baseline. Tools show operation IDs, receipts, revisions and step outcomes.

### Acceptance criteria
- Same baseline/seed/actions reproduces exact totals/history; each step writes through
  production commands and reads actual Room/snapshots. No unchecked DAO seed shortcuts.
- Replaying/restarting a partially completed step uses the same operation identity;
  no duplicate expenses/income. Manual pause has observable progress and no unbounded loop.
- Scenarios demonstrate day/month/year changes, no-budget/over-budget states and
  monthly graph growth. Missing recurrence is stated; no pretend scheduled entries.
- Reset is sandbox-only and restores time/fixtures; no personal data or debug
  simulation metadata leaks into normal user backups.

### Tests
Deterministic fixture/replay and partial-step restart tests; real-Room counts and
graph/source agreement; device step/play/pause/reset journey. Run G2.

### Working checkpoint
Developer can reproduce a historical chart with known exact totals and observe it
update in actual Recibo/Resumen; ordinary manual workflows still work.

### Context and starting points
A seeded graph is useful only when it exercises the same writes/calculations as
manual use. Inputs are real expense/income/summary ports and the isolated session
from SELLO-024. Read [G01](../DECISION_INPUTS.md#exact-baseline-examples), architecture
§9 and recovery-case checklist; no recurrence port exists in MVP.

### Implementation plan
1. Define a small versioned synthetic scenario format with seed, zone, starting
   date and explicit advance/create-category/set-limit/expense/income steps.
2. Implement a bounded runner calling actual domain commands. Persist pending step's
   operation ID before writing; checkpoint after resolving its receipt. Stop on unknown outcome.
3. Add play/pause/single-step/reset/replay controls and inspectable step/receipt/revision
   results. Pause/cancel must leave resumable pending work rather than create a fresh ID.
4. Implement G01 and month-boundary/over-budget scenarios, injecting dates so entry
   validation remains real; observe actual Recibo/Resumen charts, not a separate debug graph.
5. Reset only the sandbox baseline and resume after process death through original
   step IDs. Keep scenario metadata synthetic/debug-only and outside portable backups.

### Concrete cases and pitfalls
- G01 yields three expenses, one income, cumulative 10,000/25,000/30,000 and final
  remaining 70,000. Resume after step 2 cannot add a fourth expense.
- A financial commit followed by checkpoint failure recovers its receipt; it does
  not rerun the amount under a new operation. Random seed alone is insufficient if IDs vary on resume.
- Jumping dates does not advance WorkManager or generate pretend recurring values.
  Future recurrence uses its actual product use case when implemented later.

### Verification recipe
Create/run `*ScenarioReplayTest` and real-Room ScenarioGraphGrowthTest; G2. Compare
fresh replay versus interrupted/resumed rows, receipts and exact chart labels; demonstrate
live pause/step/restart/reset on debug app with recorded scenario/version/seed.

Shared definition of done and gates:

1. Deliverables are checked in and satisfy every acceptance criterion. Changes
   respect architecture/source-set boundaries and do not activate deferred features.
2. Behavior changes have a meaningful failing test followed by passing evidence;
   pure build/docs tasks instead show negative/configuration/link checks as applicable.
3. Ticket-specific tests and its gate pass on the integrated branch. Record exact
   command/environment, revision, result counts, report paths, and device/API where
   relevant. A skipped gate is an outstanding requirement, not a pass.
   For SELLO-004 onward, use the mandatory runner delivered by 004 and record
   validated `Quality run` evidence before Review/Done; see QUALITY_FLOW.md.
4. Existing completed journeys still work. No successful stubs, inaccessible
   placeholders, destructive migrations, compile failures, or failed read → zero.
5. Applicable catalog examples and sandbox scenarios grow with the change.
   Accessibility, process restoration, financial bounds and error handling are
   checked where the ticket touches them; the final epic does not postpone quality.
6. Reviewer checks code, financial/recovery semantics, release isolation and
   evidence. Update the canonical ticket status/evidence, then regenerate the board.

Add a `### Delivery evidence` section to completed tickets with requirement mapping,
red/green commands, integration/device results, review and unresolved issues.
Do not rewrite acceptance after execution just to make a ticket pass.

Use these required evidence fields (no placeholder values): `Revision`,
`Requirement mapping`, `Red / Green`, `Gate results`, `Device / Artifact`, and
`Review`, each written as `- **Field:** evidence`. State why a red test/device gate
is inapplicable for a pure documentation task; do not waive a required G2/G3 test.
SELLO-004 and later additionally require `Quality run` before Review as well as
Done; bootstrap tickets 001–003 are exempt from that field.

## Gate profiles

Use the agreed JDK/SDK environment from SELLO-002; the inspected local baseline is:

```bash
export ANDROID_HOME=/home/okabe94/Android/Sdk
export JAVA_HOME=/opt/android-studio/jbr
export PATH=""$JAVA_HOME/bin:$PATH""
```

- **G0 — scaffold:** `./gradlew testDebugUnitTest lintDebug assembleDebug assembleRelease --continue`.
  Used until module bootstrap lands; unsigned release assembly is not publishing.
- **G1 — integrated host:** after SELLO-003, run the commands below plus the
  architecture/format/static checks introduced by SELLO-004. CI must keep one
  documented aggregate gate synchronized with actual Gradle task names.

```bash
./gradlew :domain:test :data:testDebugUnitTest :design-system:testDebugUnitTest \
  :app:testDebugUnitTest :catalog:testDebugUnitTest lintDebug \
  :app:assembleDebug :app:assembleRelease :catalog:assembleDebug --continue
```

- **G2 — affected device boundaries:** G1 plus appropriate real-Room/Compose tests
  on a pinned emulator/device. Use `:data:connectedDebugAndroidTest`,
  `:design-system:connectedDebugAndroidTest`, `:app:connectedDebugAndroidTest`,
  and `:catalog:connectedDebugAndroidTest` as applicable. Assemble test APKs if no
  device is available, but do **not** mark device acceptance complete.
- **G3 — release:** G2 across agreed API/window/font configurations, optimized
  production composition/artifact inspection, performance evidence, and signed
  release installation/backup smoke. MVP delivers a private APK, not a store/AAB upload.
  Separate ephemeral CI signing from the customer-distribution signing identity.

Focused tests run first; the gate is the final integrated checkpoint. Documentation
names expected new test behavior, not pretend pre-existing test classes.

",1006,Highest,Backlog,sello-025
26,Story,"SELLO-026 — Add truthful failure, receipt and recovery diagnostics","Local ID: SELLO-026
Epic: SELLO-E06
Increment: MVP
Repository source: docs/planning/mvp/epics/E06-live-testing.md
Resource links resolve relative to that repository file.
Shared tools: docs/planning/mvp/EXECUTION_GUIDE.md

- **Type:** Story
- **Priority:** P1
- **Status:** Backlog
- **Depends on:** SELLO-019, SELLO-025, SELLO-004
- **Gate:** G2

### Outcome
Debug exploration can reproduce unsafe-looking edges without creating another financial implementation.

### Deliverables
Debug-only scripted adapter faults for read/command boundary and caller interruption,
receipt/status inspector and redacted synthetic diagnostic export. Use narrowly
scoped composition decorators; keep actual Room commit/rollback tests separate.

### Acceptance criteria
- Simulated read failure shows ErrorSlip/last-good data, not zero; interruption after
  commit recovers original receipt and never invites a blind new operation.
- Scenarios include duplicate submit, stale edit, expiry/undo conflict and overflow
  rejection. Each fault has an explicit scope/trigger and can be disabled/reset.
- Fake-port failure is never described as proof of SQL rollback. Neither injection
  classes nor diagnostic menus/data ship in release, even with code shrinking disabled.
- Export is synthetic/redacted and explicit; no raw user fields or secrets in logs.

### Tests
Debug decorator contract/recovery tests, real-Room corroborating transaction tests,
device fault/reset/receipt checks and release artifact exclusion assertions; G2.

### Working checkpoint
Normal sandbox behavior resumes after clearing a fault; real app workflows do not
silently inherit failure injection or modified arithmetic.

### Context and starting points
Investigating “did it save?” requires truthful receipts, not debug wrappers that
invent financial outcomes. Use command/undo ports and runner from SELLO-019/025.
Read architecture §§5/9 and
[failure checklist](../EXECUTION_GUIDE.md#contract-and-failure-checklist).

### Implementation plan
1. Add narrowly scoped debug composition decorators for next-read failure, caller
   interruption and post-commit delivery failure; define trigger scope/count/reset explicitly.
2. Provide read-only operation/receipt/revision inspector showing original status and
   simulated fault source. Never rewrite a committed receipt to make the UI look failed.
3. Add duplicate, stale editor, overflow and undo-conflict scripts using actual
   commands; transaction rollback evidence still comes from real-Room constraint tests.
4. Pause scenario progress on unresolved operations and offer recovery by saved ID;
   clear/reset faults predictably and prevent them leaking across sessions.
5. Export only synthetic/redacted diagnostics through a debug-only narrow file adapter;
   document payload/cleanup and verify classes/resources/dependencies absent in release.

### Concrete cases and pitfalls
- Failure delivered after a real 10,000 commit must still inspect one committed
  expense; recovery returns its receipt instead of creating another row.
- Next-read error with last-good 30,000 shows explicit stale/error, not a zero graph.
- An adapter exception before calling Room does not prove Room rollback; inspector
  must distinguish simulated boundary failures from actual transaction outcomes.

### Verification recipe
Create/run `*DebugFaultDecoratorTest`, ReceiptRecoveryDiagnosticJourneyTest and matching
real-Room rollback/recovery tests; G2. Verify triggering once, clearing, switching
sessions and exporting redacted output; inspect customer artifact for absence again.

Shared definition of done and gates:

1. Deliverables are checked in and satisfy every acceptance criterion. Changes
   respect architecture/source-set boundaries and do not activate deferred features.
2. Behavior changes have a meaningful failing test followed by passing evidence;
   pure build/docs tasks instead show negative/configuration/link checks as applicable.
3. Ticket-specific tests and its gate pass on the integrated branch. Record exact
   command/environment, revision, result counts, report paths, and device/API where
   relevant. A skipped gate is an outstanding requirement, not a pass.
   For SELLO-004 onward, use the mandatory runner delivered by 004 and record
   validated `Quality run` evidence before Review/Done; see QUALITY_FLOW.md.
4. Existing completed journeys still work. No successful stubs, inaccessible
   placeholders, destructive migrations, compile failures, or failed read → zero.
5. Applicable catalog examples and sandbox scenarios grow with the change.
   Accessibility, process restoration, financial bounds and error handling are
   checked where the ticket touches them; the final epic does not postpone quality.
6. Reviewer checks code, financial/recovery semantics, release isolation and
   evidence. Update the canonical ticket status/evidence, then regenerate the board.

Add a `### Delivery evidence` section to completed tickets with requirement mapping,
red/green commands, integration/device results, review and unresolved issues.
Do not rewrite acceptance after execution just to make a ticket pass.

Use these required evidence fields (no placeholder values): `Revision`,
`Requirement mapping`, `Red / Green`, `Gate results`, `Device / Artifact`, and
`Review`, each written as `- **Field:** evidence`. State why a red test/device gate
is inapplicable for a pure documentation task; do not waive a required G2/G3 test.
SELLO-004 and later additionally require `Quality run` before Review as well as
Done; bootstrap tickets 001–003 are exempt from that field.

## Gate profiles

Use the agreed JDK/SDK environment from SELLO-002; the inspected local baseline is:

```bash
export ANDROID_HOME=/home/okabe94/Android/Sdk
export JAVA_HOME=/opt/android-studio/jbr
export PATH=""$JAVA_HOME/bin:$PATH""
```

- **G0 — scaffold:** `./gradlew testDebugUnitTest lintDebug assembleDebug assembleRelease --continue`.
  Used until module bootstrap lands; unsigned release assembly is not publishing.
- **G1 — integrated host:** after SELLO-003, run the commands below plus the
  architecture/format/static checks introduced by SELLO-004. CI must keep one
  documented aggregate gate synchronized with actual Gradle task names.

```bash
./gradlew :domain:test :data:testDebugUnitTest :design-system:testDebugUnitTest \
  :app:testDebugUnitTest :catalog:testDebugUnitTest lintDebug \
  :app:assembleDebug :app:assembleRelease :catalog:assembleDebug --continue
```

- **G2 — affected device boundaries:** G1 plus appropriate real-Room/Compose tests
  on a pinned emulator/device. Use `:data:connectedDebugAndroidTest`,
  `:design-system:connectedDebugAndroidTest`, `:app:connectedDebugAndroidTest`,
  and `:catalog:connectedDebugAndroidTest` as applicable. Assemble test APKs if no
  device is available, but do **not** mark device acceptance complete.
- **G3 — release:** G2 across agreed API/window/font configurations, optimized
  production composition/artifact inspection, performance evidence, and signed
  release installation/backup smoke. MVP delivers a private APK, not a store/AAB upload.
  Separate ephemeral CI signing from the customer-distribution signing identity.

Focused tests run first; the gate is the final integrated checkpoint. Documentation
names expected new test behavior, not pretend pre-existing test classes.

",1006,High,Backlog,sello-026
27,Task,SELLO-027 — Establish the growing temporal regression scenario suite,"Local ID: SELLO-027
Epic: SELLO-E06
Increment: MVP
Repository source: docs/planning/mvp/epics/E06-live-testing.md
Resource links resolve relative to that repository file.
Shared tools: docs/planning/mvp/EXECUTION_GUIDE.md

- **Type:** Task
- **Priority:** P1
- **Status:** Backlog
- **Depends on:** SELLO-020, SELLO-021, SELLO-023, SELLO-026, SELLO-004
- **Gate:** G2

### Outcome
Turn live explorations into repeatable acceptance evidence and an extension contract for future features.

### Deliverables
Scenario inventory with IDs, seed/actions/expected totals, automation hooks and
documented replay instructions. Cover month-end/leap year, archived category,
past-budget retention, income allocation, graph growth, restart and monotonic
undo under financial time stepping. Extend it later in feature tickets.

### Acceptance criteria
- Automated tests and live runs use equivalent fixtures/contracts; expected values
  are independently reviewed examples, not copied from the implementation's output.
- Scenario resume is deterministic and diagnostic reports identify failures/revisions.
  Live testing supplements unit/device tests rather than replacing them.
- Future recurrence contract explicitly requires production run-due/catch-up use case,
  created/skipped/failed/pending results and separate WorkManager tests. No scheduling
  library/engine enters MVP merely to display a debug preview.

### Tests
Execute the complete MVP scenario corpus, compare outputs after fresh versus
resumed runs, and inspect release exclusion again; G2.

### Working checkpoint
Another contributor can reproduce each recorded temporal issue from its scenario ID
without personal data or undocumented local settings.

### Context and starting points
Live exploration becomes durable value only when another actor can reproduce its
inputs and expected outcomes. Inputs are the actual runner/fault contracts and all
MVP financial workflows. Read the example corpus, architecture §9 and guide's
[delivery record](../EXECUTION_GUIDE.md#delivery-record).

### Implementation plan
1. Create `docs/testing/sandbox-scenarios.md` listing stable ID/version/seed, setup,
   action sequence, expected exact totals/state, replay command/UI route and test ownership.
2. Implement deterministic month/year/leap-day, missing-run-date jumps, archived
   category, historical-limit, income allocation, graph-growth and recovery scenarios.
3. Reuse fixtures/actions in automated tests without deriving expected amounts from
   the production policy; independently verify the numbers and checkpoint semantics.
4. Document supported scenario extension process and future recurrence obligation:
   actual run-due/catch-up port, dedup/checkpoints/results and separate scheduler tests.
5. Execute fresh/resumed corpus, record artifacts and inspect release isolation.
   Do not add unused recurrence/work/rate dependencies to anticipate the next increment.

### Concrete cases and pitfalls
- Same ID/seed after reset produces identical financial contents; resume mid-run
  preserves logical step identities and creates no duplicates.
- Advancing financial time while an undo offer is open cannot change its monotonic
  six-second duration. Replaying across month changes retains historical limits.
- “Missed dates” in MVP is timeline/history testing, not proof recurrence works;
  document the distinction so future actors do not mark scheduling acceptance complete.

### Verification recipe
Create/run the named TemporalScenarioCorpusTest and scenario host tests, then G2.
Follow published replay instructions from a fresh debug sandbox and from saved
checkpoint. Evidence lists every scenario result and expected/actual values, not one green summary.

Shared definition of done and gates:

1. Deliverables are checked in and satisfy every acceptance criterion. Changes
   respect architecture/source-set boundaries and do not activate deferred features.
2. Behavior changes have a meaningful failing test followed by passing evidence;
   pure build/docs tasks instead show negative/configuration/link checks as applicable.
3. Ticket-specific tests and its gate pass on the integrated branch. Record exact
   command/environment, revision, result counts, report paths, and device/API where
   relevant. A skipped gate is an outstanding requirement, not a pass.
   For SELLO-004 onward, use the mandatory runner delivered by 004 and record
   validated `Quality run` evidence before Review/Done; see QUALITY_FLOW.md.
4. Existing completed journeys still work. No successful stubs, inaccessible
   placeholders, destructive migrations, compile failures, or failed read → zero.
5. Applicable catalog examples and sandbox scenarios grow with the change.
   Accessibility, process restoration, financial bounds and error handling are
   checked where the ticket touches them; the final epic does not postpone quality.
6. Reviewer checks code, financial/recovery semantics, release isolation and
   evidence. Update the canonical ticket status/evidence, then regenerate the board.

Add a `### Delivery evidence` section to completed tickets with requirement mapping,
red/green commands, integration/device results, review and unresolved issues.
Do not rewrite acceptance after execution just to make a ticket pass.

Use these required evidence fields (no placeholder values): `Revision`,
`Requirement mapping`, `Red / Green`, `Gate results`, `Device / Artifact`, and
`Review`, each written as `- **Field:** evidence`. State why a red test/device gate
is inapplicable for a pure documentation task; do not waive a required G2/G3 test.
SELLO-004 and later additionally require `Quality run` before Review as well as
Done; bootstrap tickets 001–003 are exempt from that field.

## Gate profiles

Use the agreed JDK/SDK environment from SELLO-002; the inspected local baseline is:

```bash
export ANDROID_HOME=/home/okabe94/Android/Sdk
export JAVA_HOME=/opt/android-studio/jbr
export PATH=""$JAVA_HOME/bin:$PATH""
```

- **G0 — scaffold:** `./gradlew testDebugUnitTest lintDebug assembleDebug assembleRelease --continue`.
  Used until module bootstrap lands; unsigned release assembly is not publishing.
- **G1 — integrated host:** after SELLO-003, run the commands below plus the
  architecture/format/static checks introduced by SELLO-004. CI must keep one
  documented aggregate gate synchronized with actual Gradle task names.

```bash
./gradlew :domain:test :data:testDebugUnitTest :design-system:testDebugUnitTest \
  :app:testDebugUnitTest :catalog:testDebugUnitTest lintDebug \
  :app:assembleDebug :app:assembleRelease :catalog:assembleDebug --continue
```

- **G2 — affected device boundaries:** G1 plus appropriate real-Room/Compose tests
  on a pinned emulator/device. Use `:data:connectedDebugAndroidTest`,
  `:design-system:connectedDebugAndroidTest`, `:app:connectedDebugAndroidTest`,
  and `:catalog:connectedDebugAndroidTest` as applicable. Assemble test APKs if no
  device is available, but do **not** mark device acceptance complete.
- **G3 — release:** G2 across agreed API/window/font configurations, optimized
  production composition/artifact inspection, performance evidence, and signed
  release installation/backup smoke. MVP delivers a private APK, not a store/AAB upload.
  Separate ephemeral CI signing from the customer-distribution signing identity.

Focused tests run first; the gate is the final integrated checkpoint. Documentation
names expected new test behavior, not pretend pre-existing test classes.

",1006,High,Backlog,sello-027
1007,Epic,"SELLO-E07 — Backup, restore, reset and privacy","Local ID: SELLO-E07
Increment: MVP
Goal: Ship a local financial app whose data can be recovered and deliberately removed.
Exit: Real document workflows, bounded portable validation, durable restore/reset recovery and verified privacy boundaries.",,Highest,Backlog,sello-e07
28,Task,SELLO-028 — Define portable MVP backups and bounded validation,"Local ID: SELLO-028
Epic: SELLO-E07
Increment: MVP
Repository source: docs/planning/mvp/epics/E07-recovery-privacy.md
Resource links resolve relative to that repository file.
Shared tools: docs/planning/mvp/EXECUTION_GUIDE.md

- **Type:** Task
- **Priority:** P0
- **Status:** Backlog
- **Depends on:** SELLO-011, SELLO-020, SELLO-021, SELLO-023, SELLO-004
- **Gate:** G2

### Outcome
Recovery files remain valid independently of Room tables, enums and future refactors.

### Deliverables
Explicit versioned serialization DTOs/codecs, consistent financial snapshot reader,
portable preference capture, strict validation and documented format/sample files.
Include category/history/month limits, profile financial zone and stable order;
exclude jobs, permissions, secrets, simulation state and internal execution receipts.

### Acceptance criteria
- No entity serialization/class-name/enum-ordinal identity; unsupported format versions
  reject clearly. COP-only MVP records cannot silently accept other currency rows.
- Default limits are 10 MiB, 100,000 records, 10,000 characters/field and bounded
  nesting, with stricter domain field limits still enforced. Validate dates, amounts,
  references, duplicate IDs and category/budget/history consistency before mutation.
- Financial snapshot has one revision; separate preference capture does not pretend
  Room/DataStore are one transaction. Plaintext is documented per approved policy.

### Tests
Round-trip exact values/order/zone/preferences; malformed/truncated/oversized/deep
payloads, unsupported versions, dangling references and overflow fixtures. Real-Room
snapshot consistency under concurrent writes; G2.

### Working checkpoint
Valid backup can be produced/validated programmatically without modifying source
data; no restore success or UI action is exposed before the real workflow lands.

### Context and starting points
A recovery file must outlive Room implementation changes and survive hostile input.
Use real schema/history from SELLO-011/020/021, portable preferences from SELLO-023
and approved D05/D08/D09. Read architecture §7, serialization/Room official sources
and [contract checklist](../EXECUTION_GUIDE.md#contract-and-failure-checklist).

### Implementation plan
1. Document the v1 envelope/field schema in `docs/data/backup-format.md`, including
   stable keys, timestamps/zone/order, currency representation, exclusions and version policy.
2. Implement independent DTOs/codecs in data/backup; capture financial rows at one
   revision and preference values separately, with explicit provenance and bounds.
3. Build read/validation staging that checks file/nesting/count/text bounds before
   deep allocation where practical, then domain/date/reference/duplicate/aggregate integrity.
4. Produce validated immutable import plan/counts independent of Room entities;
   rejection must carry actionable typed reason and cause no storage mutation.
5. Add committed synthetic valid/invalid fixtures under test resources and publish
   format contracts for document exporter/restore tickets. No legacy database translator.

### Concrete cases and pitfalls
- Round-trip H01/G01, archived categories and exact large amounts/order without
  Float, translated enum names or newly assigned history ordering.
- 10 MiB/count/nesting limits are structural caps; a shorter note violating D05
  still fails. Duplicate category IDs or dangling expense references reject the whole plan.
- Restoring execution receipts/jobs would resurrect internal operations; portable
  financial record identity is necessary, internal command execution history is not.

### Verification recipe
Create/run `./gradlew :data:testDebugUnitTest --tests '*BackupValidatorTest'` and
`*BackupRoundTripTest`, plus real-Room BackupSnapshotConsistencyTest; G2. Keep fixtures
synthetic, inspect independent expected counts/bytes/values and confirm validation never writes.

Shared definition of done and gates:

1. Deliverables are checked in and satisfy every acceptance criterion. Changes
   respect architecture/source-set boundaries and do not activate deferred features.
2. Behavior changes have a meaningful failing test followed by passing evidence;
   pure build/docs tasks instead show negative/configuration/link checks as applicable.
3. Ticket-specific tests and its gate pass on the integrated branch. Record exact
   command/environment, revision, result counts, report paths, and device/API where
   relevant. A skipped gate is an outstanding requirement, not a pass.
   For SELLO-004 onward, use the mandatory runner delivered by 004 and record
   validated `Quality run` evidence before Review/Done; see QUALITY_FLOW.md.
4. Existing completed journeys still work. No successful stubs, inaccessible
   placeholders, destructive migrations, compile failures, or failed read → zero.
5. Applicable catalog examples and sandbox scenarios grow with the change.
   Accessibility, process restoration, financial bounds and error handling are
   checked where the ticket touches them; the final epic does not postpone quality.
6. Reviewer checks code, financial/recovery semantics, release isolation and
   evidence. Update the canonical ticket status/evidence, then regenerate the board.

Add a `### Delivery evidence` section to completed tickets with requirement mapping,
red/green commands, integration/device results, review and unresolved issues.
Do not rewrite acceptance after execution just to make a ticket pass.

Use these required evidence fields (no placeholder values): `Revision`,
`Requirement mapping`, `Red / Green`, `Gate results`, `Device / Artifact`, and
`Review`, each written as `- **Field:** evidence`. State why a red test/device gate
is inapplicable for a pure documentation task; do not waive a required G2/G3 test.
SELLO-004 and later additionally require `Quality run` before Review as well as
Done; bootstrap tickets 001–003 are exempt from that field.

## Gate profiles

Use the agreed JDK/SDK environment from SELLO-002; the inspected local baseline is:

```bash
export ANDROID_HOME=/home/okabe94/Android/Sdk
export JAVA_HOME=/opt/android-studio/jbr
export PATH=""$JAVA_HOME/bin:$PATH""
```

- **G0 — scaffold:** `./gradlew testDebugUnitTest lintDebug assembleDebug assembleRelease --continue`.
  Used until module bootstrap lands; unsigned release assembly is not publishing.
- **G1 — integrated host:** after SELLO-003, run the commands below plus the
  architecture/format/static checks introduced by SELLO-004. CI must keep one
  documented aggregate gate synchronized with actual Gradle task names.

```bash
./gradlew :domain:test :data:testDebugUnitTest :design-system:testDebugUnitTest \
  :app:testDebugUnitTest :catalog:testDebugUnitTest lintDebug \
  :app:assembleDebug :app:assembleRelease :catalog:assembleDebug --continue
```

- **G2 — affected device boundaries:** G1 plus appropriate real-Room/Compose tests
  on a pinned emulator/device. Use `:data:connectedDebugAndroidTest`,
  `:design-system:connectedDebugAndroidTest`, `:app:connectedDebugAndroidTest`,
  and `:catalog:connectedDebugAndroidTest` as applicable. Assemble test APKs if no
  device is available, but do **not** mark device acceptance complete.
- **G3 — release:** G2 across agreed API/window/font configurations, optimized
  production composition/artifact inspection, performance evidence, and signed
  release installation/backup smoke. MVP delivers a private APK, not a store/AAB upload.
  Separate ephemeral CI signing from the customer-distribution signing identity.

Focused tests run first; the gate is the final integrated checkpoint. Documentation
names expected new test behavior, not pretend pre-existing test classes.

",1007,Highest,Backlog,sello-028
29,Story,SELLO-029 — Deliver real document-picker backup creation,"Local ID: SELLO-029
Epic: SELLO-E07
Increment: MVP
Repository source: docs/planning/mvp/epics/E07-recovery-privacy.md
Resource links resolve relative to that repository file.
Shared tools: docs/planning/mvp/EXECUTION_GUIDE.md

- **Type:** Story
- **Priority:** P0
- **Status:** Backlog
- **Depends on:** SELLO-028, SELLO-015, SELLO-004
- **Gate:** G2

### Outcome
A user can save a usable recovery file and distinguish success from canceled/failed output.

### Deliverables
Backup screen accessible from settings, Android document port/adapter, bounded
off-main serialization/write/close and progress/error/last-success presentation.
Use an approved Sello filename and accessible file/date/size description.

### Acceptance criteria
- “Guardado” and last-success time update only after successful write/flush/close;
  picker cancellation is not success or data loss. Provider/write/close faults are visible.
- UI does not freeze on large valid data; no broad storage permission or arbitrary
  shared-path write. Retrying file creation cannot mutate financial records.
- Process recreation restores workflow state honestly; an uncertain file outcome
  is not stamped successful. Backup contents exclude sandbox metadata/internal jobs.
- Approved D08/P01–P04 disclosure precedes destination/save: plaintext financial
  contents, no password protection, manual-recovery responsibility and provider-managed
  sync for cloud-backed locations. Explain that app reset cannot erase external copies.

### Tests
Document-port cancellation/write/close fault tests and device picker save→read→validate
journey; large-file responsiveness and active-write snapshot tests. Catalog backup
feedback states, plus G2.
Cover accessible disclosure/cancel/save flows, no encryption claims and temporary
cleanup without deleting user/provider-owned copies; final copy needs UI review.

### Working checkpoint
User-generated backup parses with SELLO-028 and matches actual financial history;
all manual workflows remain available. Restore action stays absent until SELLO-030.

### Context and starting points
Returning a document URI is not a successful backup. Use SELLO-028 encoder/snapshot
and app platform/Root contracts; read
[backup screen](../../../design/sello-spec.html#s-respaldo), approved D08 and official
document-picker sources in the guide. Files may be plaintext and provider failures are real.

### Implementation plan
1. Define app-owned document create/write port with typed canceled/failed/completed
   outcomes; Android adapter uses the system create-document flow and URI permissions.
2. Add backup feature states for idle/picker/preparing/writing/error/completed using
   bounded off-main serialization and owned cancellation; choose approved Sello filename.
3. Record last-success metadata only after stream write/flush/close completes. Distinguish
   provider/caller/file failures from any unrelated financial mutation.
4. Wire actual settings backup route and status/copy/accessibility; do not expose
   an unimplemented restore button. Handle recreation without blindly starting another file.
5. Clean owned private staging/cache and disclose partial external-file possibility;
   never delete arbitrary documents or claim atomicity across Room/provider/DataStore.

### Concrete cases and pitfalls
- Cancel picker: no success stamp/date change. Fail on close after some bytes: failed
  file outcome, unchanged money and last-success value.
- Create file then kill process: pending/unknown completion must not display Guardado
  just because a URI exists. Recovery may require verifying/creating a new output file.
- A successful G01 backup must revalidate to three expenses/one income and exact
  category/limit history; progress UI must not block main-thread input.

### Verification recipe
Create/run `*BackupExportViewModelTest`, `*DocumentWriteContractTest` and BackupFileJourneyTest;
G2. Select a real provider/document, reopen/validate resulting bytes, inject write/close/
cancellation failures and record exact file size/count/hash plus last-success behavior.

Shared definition of done and gates:

1. Deliverables are checked in and satisfy every acceptance criterion. Changes
   respect architecture/source-set boundaries and do not activate deferred features.
2. Behavior changes have a meaningful failing test followed by passing evidence;
   pure build/docs tasks instead show negative/configuration/link checks as applicable.
3. Ticket-specific tests and its gate pass on the integrated branch. Record exact
   command/environment, revision, result counts, report paths, and device/API where
   relevant. A skipped gate is an outstanding requirement, not a pass.
   For SELLO-004 onward, use the mandatory runner delivered by 004 and record
   validated `Quality run` evidence before Review/Done; see QUALITY_FLOW.md.
4. Existing completed journeys still work. No successful stubs, inaccessible
   placeholders, destructive migrations, compile failures, or failed read → zero.
5. Applicable catalog examples and sandbox scenarios grow with the change.
   Accessibility, process restoration, financial bounds and error handling are
   checked where the ticket touches them; the final epic does not postpone quality.
6. Reviewer checks code, financial/recovery semantics, release isolation and
   evidence. Update the canonical ticket status/evidence, then regenerate the board.

Add a `### Delivery evidence` section to completed tickets with requirement mapping,
red/green commands, integration/device results, review and unresolved issues.
Do not rewrite acceptance after execution just to make a ticket pass.

Use these required evidence fields (no placeholder values): `Revision`,
`Requirement mapping`, `Red / Green`, `Gate results`, `Device / Artifact`, and
`Review`, each written as `- **Field:** evidence`. State why a red test/device gate
is inapplicable for a pure documentation task; do not waive a required G2/G3 test.
SELLO-004 and later additionally require `Quality run` before Review as well as
Done; bootstrap tickets 001–003 are exempt from that field.

## Gate profiles

Use the agreed JDK/SDK environment from SELLO-002; the inspected local baseline is:

```bash
export ANDROID_HOME=/home/okabe94/Android/Sdk
export JAVA_HOME=/opt/android-studio/jbr
export PATH=""$JAVA_HOME/bin:$PATH""
```

- **G0 — scaffold:** `./gradlew testDebugUnitTest lintDebug assembleDebug assembleRelease --continue`.
  Used until module bootstrap lands; unsigned release assembly is not publishing.
- **G1 — integrated host:** after SELLO-003, run the commands below plus the
  architecture/format/static checks introduced by SELLO-004. CI must keep one
  documented aggregate gate synchronized with actual Gradle task names.

```bash
./gradlew :domain:test :data:testDebugUnitTest :design-system:testDebugUnitTest \
  :app:testDebugUnitTest :catalog:testDebugUnitTest lintDebug \
  :app:assembleDebug :app:assembleRelease :catalog:assembleDebug --continue
```

- **G2 — affected device boundaries:** G1 plus appropriate real-Room/Compose tests
  on a pinned emulator/device. Use `:data:connectedDebugAndroidTest`,
  `:design-system:connectedDebugAndroidTest`, `:app:connectedDebugAndroidTest`,
  and `:catalog:connectedDebugAndroidTest` as applicable. Assemble test APKs if no
  device is available, but do **not** mark device acceptance complete.
- **G3 — release:** G2 across agreed API/window/font configurations, optimized
  production composition/artifact inspection, performance evidence, and signed
  release installation/backup smoke. MVP delivers a private APK, not a store/AAB upload.
  Separate ephemeral CI signing from the customer-distribution signing identity.

Focused tests run first; the gate is the final integrated checkpoint. Documentation
names expected new test behavior, not pretend pre-existing test classes.

",1007,Highest,Backlog,sello-029
30,Story,SELLO-030 — Implement staged atomic restore and resumable preference completion,"Local ID: SELLO-030
Epic: SELLO-E07
Increment: MVP
Repository source: docs/planning/mvp/epics/E07-recovery-privacy.md
Resource links resolve relative to that repository file.
Shared tools: docs/planning/mvp/EXECUTION_GUIDE.md

- **Type:** Story
- **Priority:** P0
- **Status:** Backlog
- **Depends on:** SELLO-028, SELLO-029, SELLO-012, SELLO-023, SELLO-004
- **Gate:** G2

### Outcome
Restore replaces financial data safely and never hides incomplete settings recovery.

### Deliverables
Read/stage/validate/preview/confirm flow with source date and replacement counts,
persisted staging/recovery IDs, atomic replacement/generation advance, surviving
restore receipt and separate resumable preferences completion. Clean private staging
on completion/cancel/expiry; route back to first/current Recibo only on truthful outcome.

### Acceptance criteria
- Invalid/canceled restore does not mutate anything. Confirmed restore applies all
  financial rows atomically and fences old drafts/commands; failure before commit rolls back.
- Approved D09/R01–R04: whole-file validation precedes current/replacement-count
  preview and explicit replacement warning. Never merge; restore backed-up financial
  zone and portable appearance/order, without system permission or URI-grant changes.
- Financial commit plus preference failure is “data restored, settings pending”,
  not generic failure or complete Restaurado. Restart resumes without replacing twice.
- Unknown commit outcome recovers by original operation ID. Staging survives eligible
  restart but cannot be reinterpreted as a new operation after a generation change.
- Backup does not resurrect debug jobs, permissions or internal execution receipts.

### Tests
Real-Room rollback/reopen/generation tests, cancellation-around-commit, failing
DataStore recovery and staging cleanup; device valid/invalid restore and process
restart journeys. Extend sandbox replay/recovery scenarios; G2.

### Working checkpoint
Create backup → change data → restore → restart returns exact prior history and
preferences, with partial settings progress visibly recoverable until complete.

### Context and starting points
Restore spans two stores, so a boolean success/failure hides committed-data versus
pending-settings state. Use validated import plans from SELLO-028, document picker
from SELLO-029 and generation/receipt/prefs contracts. Read architecture §§5/7,
approved D09 and [recovery cases](../DECISION_INPUTS.md#recovery-cases-to-turn-into-tests).

### Implementation plan
1. Add choose/read/private-stage/validate flow; persist owned staging ID/format/counts/
   source date and operation identity needed for eligible restart, under bounded limits.
2. Show ConfirmSlip with current/replacement counts and expected generation/revision;
   cancel leaves data untouched. If confirmation becomes stale, refresh/reconfirm safely.
3. Implement one financial replacement transaction with reference-aware ordering,
   generation advance, revision and surviving control receipt. No DataStore/file calls inside.
4. Apply portable preferences after commit and persist completion progress; on restart
   resolve operation receipt before resuming, so only pending preferences repeat.
5. Invalidate stale forms/undo/import continuation, clean owned staging and display
   committed-but-settings-pending distinctly from complete Restaurado or rollback-established error.

### Concrete cases and pitfalls
- Invalid file or canceled confirmation: zero changes in both stores.
- Restore valid G01, fail preference write: exact three expenses/one income restored,
  pending settings visible; reopening/retry must not replace financial data again.
- Cancel after Room commit: durable operation lookup recovers truth. Old generation
  submit/undo cannot cross replacement, even if restored record IDs resemble prior ones.

### Verification recipe
Create/run RestoreCommandContractTest on real Room, `*RestoreRecoveryViewModelTest`
and RestoreJourneyTest; G2. Test failures before/inside/after commit, actual staged-file
reopen and pending preferences. Compare restored fields/order/zone/totals with original backup.

Shared definition of done and gates:

1. Deliverables are checked in and satisfy every acceptance criterion. Changes
   respect architecture/source-set boundaries and do not activate deferred features.
2. Behavior changes have a meaningful failing test followed by passing evidence;
   pure build/docs tasks instead show negative/configuration/link checks as applicable.
3. Ticket-specific tests and its gate pass on the integrated branch. Record exact
   command/environment, revision, result counts, report paths, and device/API where
   relevant. A skipped gate is an outstanding requirement, not a pass.
   For SELLO-004 onward, use the mandatory runner delivered by 004 and record
   validated `Quality run` evidence before Review/Done; see QUALITY_FLOW.md.
4. Existing completed journeys still work. No successful stubs, inaccessible
   placeholders, destructive migrations, compile failures, or failed read → zero.
5. Applicable catalog examples and sandbox scenarios grow with the change.
   Accessibility, process restoration, financial bounds and error handling are
   checked where the ticket touches them; the final epic does not postpone quality.
6. Reviewer checks code, financial/recovery semantics, release isolation and
   evidence. Update the canonical ticket status/evidence, then regenerate the board.

Add a `### Delivery evidence` section to completed tickets with requirement mapping,
red/green commands, integration/device results, review and unresolved issues.
Do not rewrite acceptance after execution just to make a ticket pass.

Use these required evidence fields (no placeholder values): `Revision`,
`Requirement mapping`, `Red / Green`, `Gate results`, `Device / Artifact`, and
`Review`, each written as `- **Field:** evidence`. State why a red test/device gate
is inapplicable for a pure documentation task; do not waive a required G2/G3 test.
SELLO-004 and later additionally require `Quality run` before Review as well as
Done; bootstrap tickets 001–003 are exempt from that field.

## Gate profiles

Use the agreed JDK/SDK environment from SELLO-002; the inspected local baseline is:

```bash
export ANDROID_HOME=/home/okabe94/Android/Sdk
export JAVA_HOME=/opt/android-studio/jbr
export PATH=""$JAVA_HOME/bin:$PATH""
```

- **G0 — scaffold:** `./gradlew testDebugUnitTest lintDebug assembleDebug assembleRelease --continue`.
  Used until module bootstrap lands; unsigned release assembly is not publishing.
- **G1 — integrated host:** after SELLO-003, run the commands below plus the
  architecture/format/static checks introduced by SELLO-004. CI must keep one
  documented aggregate gate synchronized with actual Gradle task names.

```bash
./gradlew :domain:test :data:testDebugUnitTest :design-system:testDebugUnitTest \
  :app:testDebugUnitTest :catalog:testDebugUnitTest lintDebug \
  :app:assembleDebug :app:assembleRelease :catalog:assembleDebug --continue
```

- **G2 — affected device boundaries:** G1 plus appropriate real-Room/Compose tests
  on a pinned emulator/device. Use `:data:connectedDebugAndroidTest`,
  `:design-system:connectedDebugAndroidTest`, `:app:connectedDebugAndroidTest`,
  and `:catalog:connectedDebugAndroidTest` as applicable. Assemble test APKs if no
  device is available, but do **not** mark device acceptance complete.
- **G3 — release:** G2 across agreed API/window/font configurations, optimized
  production composition/artifact inspection, performance evidence, and signed
  release installation/backup smoke. MVP delivers a private APK, not a store/AAB upload.
  Separate ephemeral CI signing from the customer-distribution signing identity.

Focused tests run first; the gate is the final integrated checkpoint. Documentation
names expected new test behavior, not pretend pre-existing test classes.

",1007,Highest,Backlog,sello-030
31,Story,SELLO-031 — Deliver fenced two-confirmation reset and recovery,"Local ID: SELLO-031
Epic: SELLO-E07
Increment: MVP
Repository source: docs/planning/mvp/epics/E07-recovery-privacy.md
Resource links resolve relative to that repository file.
Shared tools: docs/planning/mvp/EXECUTION_GUIDE.md

- **Type:** Story
- **Priority:** P0
- **Status:** Backlog
- **Depends on:** SELLO-030, SELLO-020, SELLO-021, SELLO-004
- **Gate:** G2

### Outcome
Users can intentionally erase app data without stale drafts, undo or recovery recreating it.

### Deliverables
Counted reset preview, second confirmation requiring exact BORRAR, atomic financial
replacement/generation advance and minimal surviving completion record. Apply the
approved preference-reset policy with separate recovery; fence open forms/undo/
staging/sandbox sessions and return to truthful first-run state.

### Acceptance criteria
- Cancel/wrong confirmation leaves all data unchanged. Confirmed reset removes
  categories, budgets, expenses/income and user payloads according to the approved policy.
- Approved D09/R05–R06: counted preview then exact BORRAR confirmation; clear
  portable preferences to first-run Sistema/Cobalto/Más usadas. Next setup establishes
  device financial zone; system permissions remain unchanged. Explicitly warn that
  external backups survive; surviving control metadata contains no old amounts/names/notes.
- Old submits/undo/restore continuation cannot cross the new generation. Retained
  recovery metadata is minimal and does not preserve erased financial payloads.
- Restart/cancellation around reset resolves its original outcome; partial preference
  reset is explicit and resumes rather than fake complete or an unguarded second wipe.
- Existing external backup files are not silently deleted or claimed erased.

### Tests
Real-Room reset races, stale draft/undo/import rejection and recovery reopen;
UI counts/two confirmations; device reset→restart→new category→expense journey.
Add sandbox reset-fencing scenarios and run G2.

### Working checkpoint
Reset app can be used from empty again; canceled reset preserves the prior working
state. Backup/restore still works across the deliberate generation boundary.

### Context and starting points
Reset is deliberate data erasure; stale recovery or undo must not recreate old money.
Use SELLO-030 replacement/control patterns and actual workflows, but not the backup
payload. Read [settings reset](../../../design/sello-spec.html#s-config), architecture
§5 and approved D09's preference/zone/minimal-metadata policy.

### Implementation plan
1. Read actual affected counts at a generation/revision and show first ConfirmSlip;
   second requires exact BORRAR. Reject canceled/incorrect/stale confirmation.
2. Implement reset command with operation identity, atomic financial erase/profile
   transition/generation advance and minimum surviving completion metadata.
3. Remove erased payloads from receipts/compensation/private staging according to
   approved policy; preserve only recovery control needed to truthfully resolve this reset.
4. Apply/track preference-reset completion separately and fence open drafts/undo/import/
   debug runners. Process interruption must recover the original operation, not wipe twice.
5. Return to real empty Recibo and rerun onboarding; external backups remain outside
   app erasure scope. Explain that boundary and test reuse after reset.

### Concrete cases and pitfalls
- Type `borrar` or cancel: unchanged records/preferences. Changed counts while
  confirming must trigger the approved stale-confirmation flow, not silent erase.
- After reset, old draft/undo/import ID cannot restore an expense; recovery record
  cannot contain the entire “deleted” dataset as a hidden tombstone archive.
- Keep an external backup file intact and demonstrate deliberate new restore still
  works; reset must not pretend that external plaintext copies were erased.

### Verification recipe
Create/run ResetGenerationContractTest, `*ResetViewModelTest` and ResetReuseJourneyTest;
G2. Interrupt before/after commit/preferences, reopen DB, replay stale operations,
inspect retained metadata, and create a new real category/expense from empty afterward.

Shared definition of done and gates:

1. Deliverables are checked in and satisfy every acceptance criterion. Changes
   respect architecture/source-set boundaries and do not activate deferred features.
2. Behavior changes have a meaningful failing test followed by passing evidence;
   pure build/docs tasks instead show negative/configuration/link checks as applicable.
3. Ticket-specific tests and its gate pass on the integrated branch. Record exact
   command/environment, revision, result counts, report paths, and device/API where
   relevant. A skipped gate is an outstanding requirement, not a pass.
   For SELLO-004 onward, use the mandatory runner delivered by 004 and record
   validated `Quality run` evidence before Review/Done; see QUALITY_FLOW.md.
4. Existing completed journeys still work. No successful stubs, inaccessible
   placeholders, destructive migrations, compile failures, or failed read → zero.
5. Applicable catalog examples and sandbox scenarios grow with the change.
   Accessibility, process restoration, financial bounds and error handling are
   checked where the ticket touches them; the final epic does not postpone quality.
6. Reviewer checks code, financial/recovery semantics, release isolation and
   evidence. Update the canonical ticket status/evidence, then regenerate the board.

Add a `### Delivery evidence` section to completed tickets with requirement mapping,
red/green commands, integration/device results, review and unresolved issues.
Do not rewrite acceptance after execution just to make a ticket pass.

Use these required evidence fields (no placeholder values): `Revision`,
`Requirement mapping`, `Red / Green`, `Gate results`, `Device / Artifact`, and
`Review`, each written as `- **Field:** evidence`. State why a red test/device gate
is inapplicable for a pure documentation task; do not waive a required G2/G3 test.
SELLO-004 and later additionally require `Quality run` before Review as well as
Done; bootstrap tickets 001–003 are exempt from that field.

## Gate profiles

Use the agreed JDK/SDK environment from SELLO-002; the inspected local baseline is:

```bash
export ANDROID_HOME=/home/okabe94/Android/Sdk
export JAVA_HOME=/opt/android-studio/jbr
export PATH=""$JAVA_HOME/bin:$PATH""
```

- **G0 — scaffold:** `./gradlew testDebugUnitTest lintDebug assembleDebug assembleRelease --continue`.
  Used until module bootstrap lands; unsigned release assembly is not publishing.
- **G1 — integrated host:** after SELLO-003, run the commands below plus the
  architecture/format/static checks introduced by SELLO-004. CI must keep one
  documented aggregate gate synchronized with actual Gradle task names.

```bash
./gradlew :domain:test :data:testDebugUnitTest :design-system:testDebugUnitTest \
  :app:testDebugUnitTest :catalog:testDebugUnitTest lintDebug \
  :app:assembleDebug :app:assembleRelease :catalog:assembleDebug --continue
```

- **G2 — affected device boundaries:** G1 plus appropriate real-Room/Compose tests
  on a pinned emulator/device. Use `:data:connectedDebugAndroidTest`,
  `:design-system:connectedDebugAndroidTest`, `:app:connectedDebugAndroidTest`,
  and `:catalog:connectedDebugAndroidTest` as applicable. Assemble test APKs if no
  device is available, but do **not** mark device acceptance complete.
- **G3 — release:** G2 across agreed API/window/font configurations, optimized
  production composition/artifact inspection, performance evidence, and signed
  release installation/backup smoke. MVP delivers a private APK, not a store/AAB upload.
  Separate ephemeral CI signing from the customer-distribution signing identity.

Focused tests run first; the gate is the final integrated checkpoint. Documentation
names expected new test behavior, not pretend pre-existing test classes.

",1007,Highest,Backlog,sello-031
32,Task,"SELLO-032 — Verify privacy, file boundaries and developer-data isolation","Local ID: SELLO-032
Epic: SELLO-E07
Increment: MVP
Repository source: docs/planning/mvp/epics/E07-recovery-privacy.md
Resource links resolve relative to that repository file.
Shared tools: docs/planning/mvp/EXECUTION_GUIDE.md

- **Type:** Task
- **Priority:** P0
- **Status:** Backlog
- **Depends on:** SELLO-029, SELLO-030, SELLO-031, SELLO-024, SELLO-004
- **Gate:** G2

### Outcome
Default platform/file/log behavior matches the local-only promise in every variant.

### Deliverables
Explicit manifest/platform backup and device-transfer exclusions, permission audit,
private staging/cache lifecycle and narrowly scoped file-sharing configuration only
where an actual consumer exists; redacted diagnostics and privacy disclosure.
Do not add a production FileProvider solely for deferred analytical exports.

### Acceptance criteria
- Unapproved OS backup/transfer is disabled/excluded; INTERNET, notification-listener,
  widget, broad storage and deferred notification permissions are absent from MVP.
- Shared diagnostic files are debug-only/synthetic or explicitly redacted; no whole
  database/private-directory provider exposure. Temporary data is cleaned safely.
- Plaintext document backup is disclosed; checksum is not called encryption.
- Verify approved D08 manual-backup responsibility, cloud-provider/external-copy
  disclosures and P01–P04 boundaries with actual merged manifests and file journeys,
  not an approval record mistaken for implemented privacy protection.
- Release resources/classes contain no fixtures, clock controllers or tools route;
  normal debug profile, sandbox and production cannot cross storage boundaries.

### Tests
Merged-manifest/resource/dependency assertions, malformed URI/path and cache cleanup
tests, device permission/file flow review and log inspection with synthetic sensitive
markers. Run G2 and retain artifact inspection output.

### Working checkpoint
Real backup/restore/reset continues working without broad permissions, exposed
private files or developer artifacts in the customer package.

### Context and starting points
Generated Android backup defaults were unsafe for the local-only promise; SELLO-011
must already disable them before storing money. This ticket audits the complete
file/recovery/variant boundary, using SELLO-024/029–031. Read architecture §7,
approved D08/D09 and official backup/documents sources in the executor guide.

### Implementation plan
1. Inspect merged debug/release manifests and extraction rules, not only main XML;
   verify cloud/device-transfer exclusions and absence of unsupported permissions/services.
2. Inventory documents/private staging/cache/logs and every actual share consumer.
   Permit only narrow owned temporary paths; do not add unused production FileProvider.
3. Test URI/path/provider failure and cleanup/retention boundaries; separate personal
   normal-debug profile from synthetic sandbox output and customer storage.
4. Inspect release compile/runtime dependencies/resources/classes with and without
   shrink assistance so obfuscation cannot masquerade as debug-source isolation.
5. Write `docs/privacy/mvp-data-handling.md` describing exact stored/shared data,
   plaintext disclosure, platform exclusions and diagnostic redaction; fix observed gaps.

### Concrete cases and pitfalls
- A provider pointing at whole app private storage is a leak even if the UI only
  shares one file. Logs must not contain synthetic sensitive markers used in tests.
- INTERNET/notification-listener/widget/broad-storage permissions remain absent;
  opening a system document does not justify broad filesystem access.
- Old staging cleanup must not delete unrelated external user documents or another
  sandbox/profile's pending recovery file.

### Verification recipe
Create/run ManifestPrivacyTest, FileBoundaryTest and DebugReleaseIsolationTest;
G2. Retain merged-manifest/artifact inventories, synthetic-marker log checks and
executed real file/restore/reset journeys under minimal permissions.

Shared definition of done and gates:

1. Deliverables are checked in and satisfy every acceptance criterion. Changes
   respect architecture/source-set boundaries and do not activate deferred features.
2. Behavior changes have a meaningful failing test followed by passing evidence;
   pure build/docs tasks instead show negative/configuration/link checks as applicable.
3. Ticket-specific tests and its gate pass on the integrated branch. Record exact
   command/environment, revision, result counts, report paths, and device/API where
   relevant. A skipped gate is an outstanding requirement, not a pass.
   For SELLO-004 onward, use the mandatory runner delivered by 004 and record
   validated `Quality run` evidence before Review/Done; see QUALITY_FLOW.md.
4. Existing completed journeys still work. No successful stubs, inaccessible
   placeholders, destructive migrations, compile failures, or failed read → zero.
5. Applicable catalog examples and sandbox scenarios grow with the change.
   Accessibility, process restoration, financial bounds and error handling are
   checked where the ticket touches them; the final epic does not postpone quality.
6. Reviewer checks code, financial/recovery semantics, release isolation and
   evidence. Update the canonical ticket status/evidence, then regenerate the board.

Add a `### Delivery evidence` section to completed tickets with requirement mapping,
red/green commands, integration/device results, review and unresolved issues.
Do not rewrite acceptance after execution just to make a ticket pass.

Use these required evidence fields (no placeholder values): `Revision`,
`Requirement mapping`, `Red / Green`, `Gate results`, `Device / Artifact`, and
`Review`, each written as `- **Field:** evidence`. State why a red test/device gate
is inapplicable for a pure documentation task; do not waive a required G2/G3 test.
SELLO-004 and later additionally require `Quality run` before Review as well as
Done; bootstrap tickets 001–003 are exempt from that field.

## Gate profiles

Use the agreed JDK/SDK environment from SELLO-002; the inspected local baseline is:

```bash
export ANDROID_HOME=/home/okabe94/Android/Sdk
export JAVA_HOME=/opt/android-studio/jbr
export PATH=""$JAVA_HOME/bin:$PATH""
```

- **G0 — scaffold:** `./gradlew testDebugUnitTest lintDebug assembleDebug assembleRelease --continue`.
  Used until module bootstrap lands; unsigned release assembly is not publishing.
- **G1 — integrated host:** after SELLO-003, run the commands below plus the
  architecture/format/static checks introduced by SELLO-004. CI must keep one
  documented aggregate gate synchronized with actual Gradle task names.

```bash
./gradlew :domain:test :data:testDebugUnitTest :design-system:testDebugUnitTest \
  :app:testDebugUnitTest :catalog:testDebugUnitTest lintDebug \
  :app:assembleDebug :app:assembleRelease :catalog:assembleDebug --continue
```

- **G2 — affected device boundaries:** G1 plus appropriate real-Room/Compose tests
  on a pinned emulator/device. Use `:data:connectedDebugAndroidTest`,
  `:design-system:connectedDebugAndroidTest`, `:app:connectedDebugAndroidTest`,
  and `:catalog:connectedDebugAndroidTest` as applicable. Assemble test APKs if no
  device is available, but do **not** mark device acceptance complete.
- **G3 — release:** G2 across agreed API/window/font configurations, optimized
  production composition/artifact inspection, performance evidence, and signed
  release installation/backup smoke. MVP delivers a private APK, not a store/AAB upload.
  Separate ephemeral CI signing from the customer-distribution signing identity.

Focused tests run first; the gate is the final integrated checkpoint. Documentation
names expected new test behavior, not pretend pre-existing test classes.

",1007,Highest,Backlog,sello-032
1008,Epic,SELLO-E08 — Integrated MVP release evidence,"Local ID: SELLO-E08
Increment: MVP
Goal: Demonstrate a usable recoverable release, not merely assembled debug APKs.
Exit: Passed complete MVP journeys, temporal/recovery corpus, accessible adaptive UI and signed optimized release; outstanding risks are explicitly accepted or fixed.",,Highest,Backlog,sello-e08
33,Task,"SELLO-033 — Execute accessibility, adaptive and process-restoration journeys","Local ID: SELLO-033
Epic: SELLO-E08
Increment: MVP
Repository source: docs/planning/mvp/epics/E08-release.md
Resource links resolve relative to that repository file.
Shared tools: docs/planning/mvp/EXECUTION_GUIDE.md

- **Type:** Task
- **Priority:** P0
- **Status:** Backlog
- **Depends on:** SELLO-018, SELLO-019, SELLO-020, SELLO-021, SELLO-022, SELLO-023, SELLO-009, SELLO-004
- **Gate:** G2

### Outcome
Verify and fix the assembled daily-use UI across input methods and window configurations.

### Deliverables
Automated/manual journey matrix and evidence for four schemes, scales 1.0/1.3/2.0,
compact/short-landscape/medium/expanded layouts, TalkBack, keyboard/Switch Access,
insets and reduced motion. Include actual draft/session restoration, not rotation alone.

### Acceptance criteria
- All daily-use flows work without clipping/covered fields, color-only status,
  gesture-only actions, undersized targets or inaccessible chart values.
- Tab/month/detail/panels follow approved back policy; drafts/operation IDs survive
  eligible process recreation. Force-stop/cold start is reported separately from
  OS process-death restoration and must not create a duplicate save.
- Issues discovered are fixed with regression tests; no blanket a11y waiver.

### Tests
Run affected connected Compose tests on agreed API/window configurations; execute
screen-reader/focus walkthrough and capture screenshot/video/checklist evidence.
Verify exact money semantics in visual and accessible outputs; G2.

### Working checkpoint
Integrated daily-use MVP is usable on devices; no recovery or catalog workflow is
broken by layout/accessibility fixes.

### Context and starting points
Component-level previews cannot prove complete forms/navigation usable on actual
devices. Inputs are completed daily-use routes, approved D10 matrix and the catalog.
Read [a11y](../../../design/sello-spec.html#a11y), adaptive/navigation guidance and
[process-restoration procedure](../EXECUTION_GUIDE.md#device-and-process-restoration).

### Implementation plan
1. Create `docs/testing/ui-acceptance-matrix.md` listing build/API/window/font/theme/
   input mode, each daily-use journey and expected accessible exact values.
2. Automate Compose semantic/focus/restoration checks and execute screen-reader,
   hardware keyboard/Switch Access and reduced-motion walks on agreed configurations.
3. Run compact portrait, <480dp short landscape, medium and expanded panes with
   keyboard/gesture insets and scales 1.0/1.3/2.0. Test both completed tab stacks.
4. Exercise drafts/operation IDs through rotation, eligible process death and cold
   start separately. Verify saved receipt cannot trigger another write on recreation.
5. Fix found clipping/focus/copy/back issues in their owning layer, add regression
   tests and rerun prior completed journeys. Keep a matrix of passes and outstanding blockers.

### Concrete cases and pitfalls
- TalkBack announces currency/full amount and stamp meaning; charts provide exact
  selected/text values. Color-only over-budget state is not accessible.
- A focused note field remains reachable with keyboard open in landscape; 2.0 scale
  cannot truncate hero amounts or put save/delete actions below an unreachable panel.
- Force-stop success proves durable reopen, not saved-task restoration; report it separately.

### Verification recipe
Run affected app/design-system/catalog connected tests and G2 across the approved
matrix. Retain annotated screenshot/video/focus notes with exact configuration and
financial scenario. No single screenshot or emulator configuration closes the whole matrix.

Shared definition of done and gates:

1. Deliverables are checked in and satisfy every acceptance criterion. Changes
   respect architecture/source-set boundaries and do not activate deferred features.
2. Behavior changes have a meaningful failing test followed by passing evidence;
   pure build/docs tasks instead show negative/configuration/link checks as applicable.
3. Ticket-specific tests and its gate pass on the integrated branch. Record exact
   command/environment, revision, result counts, report paths, and device/API where
   relevant. A skipped gate is an outstanding requirement, not a pass.
   For SELLO-004 onward, use the mandatory runner delivered by 004 and record
   validated `Quality run` evidence before Review/Done; see QUALITY_FLOW.md.
4. Existing completed journeys still work. No successful stubs, inaccessible
   placeholders, destructive migrations, compile failures, or failed read → zero.
5. Applicable catalog examples and sandbox scenarios grow with the change.
   Accessibility, process restoration, financial bounds and error handling are
   checked where the ticket touches them; the final epic does not postpone quality.
6. Reviewer checks code, financial/recovery semantics, release isolation and
   evidence. Update the canonical ticket status/evidence, then regenerate the board.

Add a `### Delivery evidence` section to completed tickets with requirement mapping,
red/green commands, integration/device results, review and unresolved issues.
Do not rewrite acceptance after execution just to make a ticket pass.

Use these required evidence fields (no placeholder values): `Revision`,
`Requirement mapping`, `Red / Green`, `Gate results`, `Device / Artifact`, and
`Review`, each written as `- **Field:** evidence`. State why a red test/device gate
is inapplicable for a pure documentation task; do not waive a required G2/G3 test.
SELLO-004 and later additionally require `Quality run` before Review as well as
Done; bootstrap tickets 001–003 are exempt from that field.

## Gate profiles

Use the agreed JDK/SDK environment from SELLO-002; the inspected local baseline is:

```bash
export ANDROID_HOME=/home/okabe94/Android/Sdk
export JAVA_HOME=/opt/android-studio/jbr
export PATH=""$JAVA_HOME/bin:$PATH""
```

- **G0 — scaffold:** `./gradlew testDebugUnitTest lintDebug assembleDebug assembleRelease --continue`.
  Used until module bootstrap lands; unsigned release assembly is not publishing.
- **G1 — integrated host:** after SELLO-003, run the commands below plus the
  architecture/format/static checks introduced by SELLO-004. CI must keep one
  documented aggregate gate synchronized with actual Gradle task names.

```bash
./gradlew :domain:test :data:testDebugUnitTest :design-system:testDebugUnitTest \
  :app:testDebugUnitTest :catalog:testDebugUnitTest lintDebug \
  :app:assembleDebug :app:assembleRelease :catalog:assembleDebug --continue
```

- **G2 — affected device boundaries:** G1 plus appropriate real-Room/Compose tests
  on a pinned emulator/device. Use `:data:connectedDebugAndroidTest`,
  `:design-system:connectedDebugAndroidTest`, `:app:connectedDebugAndroidTest`,
  and `:catalog:connectedDebugAndroidTest` as applicable. Assemble test APKs if no
  device is available, but do **not** mark device acceptance complete.
- **G3 — release:** G2 across agreed API/window/font configurations, optimized
  production composition/artifact inspection, performance evidence, and signed
  release installation/backup smoke. MVP delivers a private APK, not a store/AAB upload.
  Separate ephemeral CI signing from the customer-distribution signing identity.

Focused tests run first; the gate is the final integrated checkpoint. Documentation
names expected new test behavior, not pretend pre-existing test classes.

",1008,Highest,Backlog,sello-033
34,Task,SELLO-034 — Prove integrated data retention and recovery failure safety,"Local ID: SELLO-034
Epic: SELLO-E08
Increment: MVP
Repository source: docs/planning/mvp/epics/E08-release.md
Resource links resolve relative to that repository file.
Shared tools: docs/planning/mvp/EXECUTION_GUIDE.md

- **Type:** Task
- **Priority:** P0
- **Status:** Backlog
- **Depends on:** SELLO-030, SELLO-031, SELLO-032, SELLO-027, SELLO-004
- **Gate:** G2

### Outcome
Test the complete release data lifecycle, including interrupted operations, against real persistence.

### Deliverables
Cross-version schema migration retention corpus for every implemented version,
backup fixtures, restore/reset cancellation matrix and executable synthetic recovery
scenarios. Include expenses, income, archived categories, period limits, ordering
and preferences. Document corruption/unavailable-storage behavior.

### Acceptance criteria
- Migration upgrades preserve exact financial identities/history; no destructive
  fallback. With only v1, verify fresh/reopen plus migration harness, not invent a v0 upgrade.
- Invalid backup, overflow, interrupted replacement and failed preferences have
  truthful outcomes; receipts/generation prevent duplicate or stale recovery.
- Temporal replay and backup/restored charts agree with independent expected totals.
  Re-running reset/import does not resurrect discarded payloads or sandbox state.

### Tests
Run real-Room migration/transaction/device corpus with controlled failure points,
process interruption and reopen; execute full sandbox regression inventory; G2.

### Working checkpoint
Every persisted MVP capability survives supported upgrade/backup/restore paths,
or fails safely with a recoverable documented state. Retain command/device evidence.

### Context and starting points
Schema, backup and cancellation tests can each pass while their integrated recovery
path fails. Inputs are actual migration/schema exports, backup formats, reset/restore
records and scenario corpus. Read architecture §§5/7/10 and the guide's Room migration/
failure references; do not invent compatibility with the old app database.

### Implementation plan
1. Inventory every schema and portable-format version actually shipped/implemented;
   define supported upgrade/restore pairs in `docs/testing/recovery-matrix.md`.
2. Prepare independently asserted synthetic prior-state fixtures with archived
   categories, month limits, expense/income order, profile zone and preferences.
3. Execute real-file migrations/reopen and backup/restore under failures before/inside/
   after financial commit, then before/after preferences; verify rows and recovery receipts.
4. Test stale submit/undo/import/reset races across generation change and caller death,
   ensuring pending settings resume without repeating financial replacement.
5. Run fresh/resumed temporal corpus and cross-check exact chart/list/backup values;
   fix gaps with regression tests in owning modules, not unchecked recovery shortcuts.

### Concrete cases and pitfalls
- With only schema v1, fresh/reopen is legitimate; a fake v0 migration is not evidence.
- A valid restore with preferences failure is committed+pending, not rollback or
  complete success. Backup-corruption rejection leaves every store unchanged.
- Old record IDs after restore cannot make stale undo eligible. Retained reset
  metadata cannot contain erased payloads; real corrupt data never becomes an empty ledger.

### Verification recipe
Run data/app connected migration/recovery suites and TemporalScenarioCorpusTest,
then G2. Record each failure point, before/after row/receipt/generation state and
supported version pair. Archive fixtures/checksums and actual device/API evidence.

Shared definition of done and gates:

1. Deliverables are checked in and satisfy every acceptance criterion. Changes
   respect architecture/source-set boundaries and do not activate deferred features.
2. Behavior changes have a meaningful failing test followed by passing evidence;
   pure build/docs tasks instead show negative/configuration/link checks as applicable.
3. Ticket-specific tests and its gate pass on the integrated branch. Record exact
   command/environment, revision, result counts, report paths, and device/API where
   relevant. A skipped gate is an outstanding requirement, not a pass.
   For SELLO-004 onward, use the mandatory runner delivered by 004 and record
   validated `Quality run` evidence before Review/Done; see QUALITY_FLOW.md.
4. Existing completed journeys still work. No successful stubs, inaccessible
   placeholders, destructive migrations, compile failures, or failed read → zero.
5. Applicable catalog examples and sandbox scenarios grow with the change.
   Accessibility, process restoration, financial bounds and error handling are
   checked where the ticket touches them; the final epic does not postpone quality.
6. Reviewer checks code, financial/recovery semantics, release isolation and
   evidence. Update the canonical ticket status/evidence, then regenerate the board.

Add a `### Delivery evidence` section to completed tickets with requirement mapping,
red/green commands, integration/device results, review and unresolved issues.
Do not rewrite acceptance after execution just to make a ticket pass.

Use these required evidence fields (no placeholder values): `Revision`,
`Requirement mapping`, `Red / Green`, `Gate results`, `Device / Artifact`, and
`Review`, each written as `- **Field:** evidence`. State why a red test/device gate
is inapplicable for a pure documentation task; do not waive a required G2/G3 test.
SELLO-004 and later additionally require `Quality run` before Review as well as
Done; bootstrap tickets 001–003 are exempt from that field.

## Gate profiles

Use the agreed JDK/SDK environment from SELLO-002; the inspected local baseline is:

```bash
export ANDROID_HOME=/home/okabe94/Android/Sdk
export JAVA_HOME=/opt/android-studio/jbr
export PATH=""$JAVA_HOME/bin:$PATH""
```

- **G0 — scaffold:** `./gradlew testDebugUnitTest lintDebug assembleDebug assembleRelease --continue`.
  Used until module bootstrap lands; unsigned release assembly is not publishing.
- **G1 — integrated host:** after SELLO-003, run the commands below plus the
  architecture/format/static checks introduced by SELLO-004. CI must keep one
  documented aggregate gate synchronized with actual Gradle task names.

```bash
./gradlew :domain:test :data:testDebugUnitTest :design-system:testDebugUnitTest \
  :app:testDebugUnitTest :catalog:testDebugUnitTest lintDebug \
  :app:assembleDebug :app:assembleRelease :catalog:assembleDebug --continue
```

- **G2 — affected device boundaries:** G1 plus appropriate real-Room/Compose tests
  on a pinned emulator/device. Use `:data:connectedDebugAndroidTest`,
  `:design-system:connectedDebugAndroidTest`, `:app:connectedDebugAndroidTest`,
  and `:catalog:connectedDebugAndroidTest` as applicable. Assemble test APKs if no
  device is available, but do **not** mark device acceptance complete.
- **G3 — release:** G2 across agreed API/window/font configurations, optimized
  production composition/artifact inspection, performance evidence, and signed
  release installation/backup smoke. MVP delivers a private APK, not a store/AAB upload.
  Separate ephemeral CI signing from the customer-distribution signing identity.

Focused tests run first; the gate is the final integrated checkpoint. Documentation
names expected new test behavior, not pretend pre-existing test classes.

",1008,Highest,Backlog,sello-034
35,Task,SELLO-035 — Validate performance and optimized release composition,"Local ID: SELLO-035
Epic: SELLO-E08
Increment: MVP
Repository source: docs/planning/mvp/epics/E08-release.md
Resource links resolve relative to that repository file.
Shared tools: docs/planning/mvp/EXECUTION_GUIDE.md

- **Type:** Task
- **Priority:** P0
- **Status:** Backlog
- **Depends on:** SELLO-004, SELLO-023, SELLO-027, SELLO-032, SELLO-033, SELLO-034
- **Gate:** G3

### Outcome
Measure a realistically populated app and make customer release packaging deliberate.

### Deliverables
Representative synthetic dataset/device profile and approved performance thresholds,
startup/scroll/graph/backup measurements; correct off-main/bounded work; optimized
release configuration/keep rules, dependency/license review and artifact inspection.
Set private-APK production signing through secure local/CI inputs with no committed secrets.

### Acceptance criteria
- Large history remains responsive without full unbounded reads or main-thread file/
  replay work. Chart exactness stays intact; optimization never substitutes rounded money.
- Approved D10: measure representative histories and obtain explicit numerical target
  approval before acceptance. Record named device-testing owner and signing custodian;
  unassigned owners/credentials cannot be substituted with agent self-approval.
- Release DI graphs and shrunk code execute real commands/serialization/recovery;
  no debug clocks, fixtures, catalog code, no-op financial services or tools survive.
- Measurements state device/build/dataset and meet reviewed thresholds; no arbitrary
  claimed benchmark. Signed release installs and launches with correct identity.

### Tests
G3 including actual optimized-release manual/automated smoke, dependency/security
reports, artifact inspection and repeatable performance runs. CI ephemeral signing
and customer-distribution signing are validated separately; lack of credentials is a blocker.

### Working checkpoint
A candidate customer artifact—not the catalog or debug variant—works with persisted
financial history and recoverable files. Reports support the final acceptance decision.

### Context and starting points
Debug responsiveness and unshrunk DI do not establish release behavior. Inputs are
approved D10 targets/device profile, all recovery/privacy/a11y evidence and actual
signing access. Read architecture §10, source-library shrinking/signing docs and
[baseline](../BASELINE.md)'s currently unoptimized release configuration.

### Implementation plan
1. Create `docs/testing/performance-profile.md` with reviewed targets, device/API,
   measurement method, repetitions and datasets before accepting results. Use 20
   categories, 10,000 expenses, 2,000 incomes and 12 past months as a proposed large profile.
2. Produce synthetic data through validated commands/backup, install candidate only
   on an isolated test device/profile, and measure startup/scroll/graph/backup/restore
   responsiveness, heap/main-thread work and SQL/query behavior.
3. Fix measured bottlenecks at owned boundaries: bounded/paged queries, exact summaries,
   off-main work. Add benchmarks only when their tooling scope/versions are approved.
4. Enable production optimization/shrinking and minimum tested keep rules; verify
   Koin/Room/serialization/resources/recovery actually run in the optimized artifact.
5. Build/sign using approved external inputs, inspect source/variant/runtime graphs
   and manifests/resources/dependencies; attach dependency/license/security and signing reports.

### Concrete cases and pitfalls
- Do not lower targets after seeing a slow run or replace exact money with Float
  to improve graph throughput. State warm/cold/cache/dataset conditions for each result.
- Obfuscated class-name absence alone is not proof debug tools were excluded; source
  set/dependency inspection and unshrunk customer-variant checks corroborate the artifact.
- No signing access means G3 is blocked, not “signed by debug key”. Build the
  approved private APK without uploading, tagging or publishing it. No AAB/Play
  deliverable is required for MVP; any channel change needs explicit approval.

### Verification recipe
Run host/device gates and actual `:app:assembleRelease`; execute G3 on the
production-signed optimized private APK candidate, not a debug/ephemeral CI substitute.
Record hash/version/signing certificate, independent release money/recovery smoke,
measurements/thresholds and artifact exclusions. Never write secrets in commands/reports.

Shared definition of done and gates:

1. Deliverables are checked in and satisfy every acceptance criterion. Changes
   respect architecture/source-set boundaries and do not activate deferred features.
2. Behavior changes have a meaningful failing test followed by passing evidence;
   pure build/docs tasks instead show negative/configuration/link checks as applicable.
3. Ticket-specific tests and its gate pass on the integrated branch. Record exact
   command/environment, revision, result counts, report paths, and device/API where
   relevant. A skipped gate is an outstanding requirement, not a pass.
   For SELLO-004 onward, use the mandatory runner delivered by 004 and record
   validated `Quality run` evidence before Review/Done; see QUALITY_FLOW.md.
4. Existing completed journeys still work. No successful stubs, inaccessible
   placeholders, destructive migrations, compile failures, or failed read → zero.
5. Applicable catalog examples and sandbox scenarios grow with the change.
   Accessibility, process restoration, financial bounds and error handling are
   checked where the ticket touches them; the final epic does not postpone quality.
6. Reviewer checks code, financial/recovery semantics, release isolation and
   evidence. Update the canonical ticket status/evidence, then regenerate the board.

Add a `### Delivery evidence` section to completed tickets with requirement mapping,
red/green commands, integration/device results, review and unresolved issues.
Do not rewrite acceptance after execution just to make a ticket pass.

Use these required evidence fields (no placeholder values): `Revision`,
`Requirement mapping`, `Red / Green`, `Gate results`, `Device / Artifact`, and
`Review`, each written as `- **Field:** evidence`. State why a red test/device gate
is inapplicable for a pure documentation task; do not waive a required G2/G3 test.
SELLO-004 and later additionally require `Quality run` before Review as well as
Done; bootstrap tickets 001–003 are exempt from that field.

## Gate profiles

Use the agreed JDK/SDK environment from SELLO-002; the inspected local baseline is:

```bash
export ANDROID_HOME=/home/okabe94/Android/Sdk
export JAVA_HOME=/opt/android-studio/jbr
export PATH=""$JAVA_HOME/bin:$PATH""
```

- **G0 — scaffold:** `./gradlew testDebugUnitTest lintDebug assembleDebug assembleRelease --continue`.
  Used until module bootstrap lands; unsigned release assembly is not publishing.
- **G1 — integrated host:** after SELLO-003, run the commands below plus the
  architecture/format/static checks introduced by SELLO-004. CI must keep one
  documented aggregate gate synchronized with actual Gradle task names.

```bash
./gradlew :domain:test :data:testDebugUnitTest :design-system:testDebugUnitTest \
  :app:testDebugUnitTest :catalog:testDebugUnitTest lintDebug \
  :app:assembleDebug :app:assembleRelease :catalog:assembleDebug --continue
```

- **G2 — affected device boundaries:** G1 plus appropriate real-Room/Compose tests
  on a pinned emulator/device. Use `:data:connectedDebugAndroidTest`,
  `:design-system:connectedDebugAndroidTest`, `:app:connectedDebugAndroidTest`,
  and `:catalog:connectedDebugAndroidTest` as applicable. Assemble test APKs if no
  device is available, but do **not** mark device acceptance complete.
- **G3 — release:** G2 across agreed API/window/font configurations, optimized
  production composition/artifact inspection, performance evidence, and signed
  release installation/backup smoke. MVP delivers a private APK, not a store/AAB upload.
  Separate ephemeral CI signing from the customer-distribution signing identity.

Focused tests run first; the gate is the final integrated checkpoint. Documentation
names expected new test behavior, not pretend pre-existing test classes.

",1008,Highest,Backlog,sello-035
36,Task,SELLO-036 — Accept the complete MVP and prepare release handoff,"Local ID: SELLO-036
Epic: SELLO-E08
Increment: MVP
Repository source: docs/planning/mvp/epics/E08-release.md
Resource links resolve relative to that repository file.
Shared tools: docs/planning/mvp/EXECUTION_GUIDE.md

- **Type:** Task
- **Priority:** P0
- **Status:** Backlog
- **Depends on:** SELLO-033, SELLO-034, SELLO-035, SELLO-004
- **Gate:** G3

### Outcome
Make a recorded go/no-go decision from executed evidence, not epic/ticket counts alone.

### Deliverables
Release checklist with artifact hash/version/signing identity, accepted MVP scope,
full test/device/performance/privacy evidence, user recovery guidance, known issues
and next-increment backlog. Final board statuses reflect reviewed delivery evidence.

### Acceptance criteria
- Execute fresh install → category/budget → expense → receipt/Recibo → edit/undo →
  income → Resumen → appearance/order → backup → mutate → restore → restart → reset →
  reuse, on the signed production candidate. No skipped step is an implicit pass.
- Independently launch catalog groups/themes/states and debug sandbox time/history/
  recovery scenarios; verify neither ships inside the customer artifact.
- All other 35 tickets' acceptance/gates are satisfied; any genuine blocker prevents
  release. Remaining nonblocking issues are specifically owner-approved, not hidden.
- No Patrimonio, recurrence/batch/rates/alerts/widgets/capture or unsupported links
  are present. Post-MVP scope is documented separately, without prebuilt dormant modules.

### Tests
Full G3 plus documented product-owner walkthrough and fresh board/link/export
validation. Record exact release revision and distinguish manual/device tests from assembly.

### Working checkpoint
MVP is demonstrably installable, useful, recoverable and ready for the agreed
distribution channel; do not publish/commit/tag automatically without explicit approval.
The approved channel is private APK only. Handoff must identify the exact APK hash,
version/signing identity and installation/recovery instructions; no store listing or
AAB upload is a prerequisite. Signing custody and device/reviewer owners must be resolved.
Approved D10 assigns product/release go/no-go to the project owner; independent
technical review and actual physical-device/signing evidence must be recorded before
acceptance. Approval of the process is not approval of a future candidate artifact.

### Context and starting points
This is the final go/no-go, not a last-minute implementation bundle. Inputs are
reviewed evidence from all prior tickets, signed artifact from SELLO-035, accepted
MVP contract and product approval owner. Read architecture §1/10,
[workflow](../README.md#definition-of-done--every-ticket) and delivery-record guide.

### Implementation plan
1. Create `docs/release/mvp-checklist.md` listing exact candidate revision/hash/version/
   identity, supported device/API/window matrix, data/recovery assumptions and report links.
2. Verify the other 35 tickets are Done with actual accepted evidence; inspect
   deferred-feature absence and every visible action/route before the owner walkthrough.
3. Execute the full signed-customer flow from empty through save/edit/undo/income/
   summary/preferences/backup/restore/restart/reset/reuse, comparing known exact values.
4. Separately launch independent catalog and debug sandbox; verify scenarios/types
   are useful and not packaged into customer release. Record any actual blockers.
5. Obtain explicit product go/no-go, document nonblocking issue ownership and
   user recovery/support instructions. Mark this ticket Done only after acceptance;
   leave distribution/upload/tag/commit to a separately authorized action.

### Concrete cases and pitfalls
- “36/36 Done” is the resulting state after this task, not its circular precondition.
- Missing device/signing/product review cannot be replaced by a unit-test count.
  An unresolved recovery or unsafe money defect blocks release, even if build is green.
- No inactive Patrimonio/recurrence/export/widget/capture link remains; catalog/debug
  apps are explicitly separate developer artifacts, not installed customer features.

### Verification recipe
Run complete G3, `python3 docs/planning/mvp/board.py --check` and board unit tests.
Use the final checklist for actual owner/device walkthrough and record approval,
candidate hash, exact scenario results and retained warnings. Generate board/CSV only
after evidence/status edits; do not publish automatically.

Shared definition of done and gates:

1. Deliverables are checked in and satisfy every acceptance criterion. Changes
   respect architecture/source-set boundaries and do not activate deferred features.
2. Behavior changes have a meaningful failing test followed by passing evidence;
   pure build/docs tasks instead show negative/configuration/link checks as applicable.
3. Ticket-specific tests and its gate pass on the integrated branch. Record exact
   command/environment, revision, result counts, report paths, and device/API where
   relevant. A skipped gate is an outstanding requirement, not a pass.
   For SELLO-004 onward, use the mandatory runner delivered by 004 and record
   validated `Quality run` evidence before Review/Done; see QUALITY_FLOW.md.
4. Existing completed journeys still work. No successful stubs, inaccessible
   placeholders, destructive migrations, compile failures, or failed read → zero.
5. Applicable catalog examples and sandbox scenarios grow with the change.
   Accessibility, process restoration, financial bounds and error handling are
   checked where the ticket touches them; the final epic does not postpone quality.
6. Reviewer checks code, financial/recovery semantics, release isolation and
   evidence. Update the canonical ticket status/evidence, then regenerate the board.

Add a `### Delivery evidence` section to completed tickets with requirement mapping,
red/green commands, integration/device results, review and unresolved issues.
Do not rewrite acceptance after execution just to make a ticket pass.

Use these required evidence fields (no placeholder values): `Revision`,
`Requirement mapping`, `Red / Green`, `Gate results`, `Device / Artifact`, and
`Review`, each written as `- **Field:** evidence`. State why a red test/device gate
is inapplicable for a pure documentation task; do not waive a required G2/G3 test.
SELLO-004 and later additionally require `Quality run` before Review as well as
Done; bootstrap tickets 001–003 are exempt from that field.

## Gate profiles

Use the agreed JDK/SDK environment from SELLO-002; the inspected local baseline is:

```bash
export ANDROID_HOME=/home/okabe94/Android/Sdk
export JAVA_HOME=/opt/android-studio/jbr
export PATH=""$JAVA_HOME/bin:$PATH""
```

- **G0 — scaffold:** `./gradlew testDebugUnitTest lintDebug assembleDebug assembleRelease --continue`.
  Used until module bootstrap lands; unsigned release assembly is not publishing.
- **G1 — integrated host:** after SELLO-003, run the commands below plus the
  architecture/format/static checks introduced by SELLO-004. CI must keep one
  documented aggregate gate synchronized with actual Gradle task names.

```bash
./gradlew :domain:test :data:testDebugUnitTest :design-system:testDebugUnitTest \
  :app:testDebugUnitTest :catalog:testDebugUnitTest lintDebug \
  :app:assembleDebug :app:assembleRelease :catalog:assembleDebug --continue
```

- **G2 — affected device boundaries:** G1 plus appropriate real-Room/Compose tests
  on a pinned emulator/device. Use `:data:connectedDebugAndroidTest`,
  `:design-system:connectedDebugAndroidTest`, `:app:connectedDebugAndroidTest`,
  and `:catalog:connectedDebugAndroidTest` as applicable. Assemble test APKs if no
  device is available, but do **not** mark device acceptance complete.
- **G3 — release:** G2 across agreed API/window/font configurations, optimized
  production composition/artifact inspection, performance evidence, and signed
  release installation/backup smoke. MVP delivers a private APK, not a store/AAB upload.
  Separate ephemeral CI signing from the customer-distribution signing identity.

Focused tests run first; the gate is the final integrated checkpoint. Documentation
names expected new test behavior, not pretend pre-existing test classes.

",1008,Highest,Backlog,sello-036
